{
    "appid": 366250,
    "name": "METAL SLUG",
    "type": "Game",
    "schinese_name": "合金弹头",
    "isfreeapp": 0,
    "update_time": "2025-06-09 04:58:45",
    "change_number": 29450629,
    "depot": {
        "228984": {
            "config": {
                "oslist": "windows"
            },
            "depotfromapp": "228980",
            "sharedinstall": "1"
        },
        "228985": {
            "config": {
                "oslist": "windows"
            },
            "depotfromapp": "228980",
            "sharedinstall": "1"
        },
        "366251": {
            "manifests": {
                "public": {
                    "gid": "2905929974020898780",
                    "size": "68841626",
                    "download": "38843040"
                }
            },
            "decryptionkey": "18bc66a5022fe72217b5b96fc8037949a0c72eaa950794ea50710fb49048a126"
        },
        "branches": {
            "public": {
                "buildid": "670625"
            }
        }
    }
}