{
    "appid": "252330",
    "type": "Game",
    "name": "Slender: The Arrival",
    "schinese_name": "瘦长鬼影：降临",
    "isfreeapp": "0",
    "change_number": "28970832",
    "update_time": "2025-05-14 08:37:49",
    "depot": {
        "overridescddb": "1",
        "markdlcdepots": "1",
        "baselanguages": "english",
        "228989": {
            "config": {
                "oslist": "windows"
            },
            "depotfromapp": "228980",
            "sharedinstall": "1"
        },
        "228990": {
            "config": {
                "oslist": "windows"
            },
            "depotfromapp": "228980",
            "sharedinstall": "1"
        },
        "229003": {
            "config": {
                "oslist": "windows"
            },
            "depotfromapp": "228980",
            "sharedinstall": "1"
        },
        "229030": {
            "config": {
                "oslist": "windows"
            },
            "depotfromapp": "228980",
            "sharedinstall": "1"
        },
        "252331": {
            "config": {
                "language": "english",
                "oslist": "windows"
            },
            "manifests": {
                "public": {
                    "gid": "866185040561999353",
                    "size": "10684721955",
                    "download": "10225030080"
                },
                "version2013": {
                    "gid": "7387218470703861878",
                    "size": "1477841834",
                    "download": "0"
                },
                "version2015": {
                    "gid": "3427863990072356148",
                    "size": "1040740243",
                    "download": "1193886727663"
                }
            },
            "decryptionkey": "e5560ed6dd390ae0d9f6871ca9c1876e16ad21133a7b86d6a7122b0fefa85ffd"
        },
        "252333": {
            "config": {
                "oslist": "macos",
                "language": "english"
            },
            "manifests": {
                "public": {
                    "gid": "3269406983956120028",
                    "size": "1020725151",
                    "download": "1610594111059"
                },
                "version2013": {
                    "gid": "1002226133068022095",
                    "size": "1000831206",
                    "download": "529708592951"
                },
                "version2015": {
                    "gid": "3269406983956120028",
                    "size": "1020725151",
                    "download": "1610594111059"
                }
            },
            "decryptionkey": "72f4636af73f4fe564875b914f96d4e9901a8af683c3288c7499bbd7f9de61b6"
        },
        "324720": {
            "dlcappid": "324720",
            "manifests": {
                "public": {
                    "gid": "643807341307717112",
                    "size": "75978177",
                    "download": "51455169851"
                },
                "version2013": {
                    "gid": "8380177433480725238",
                    "size": "65197020",
                    "download": "63224192"
                },
                "version2015": {
                    "gid": "643807341307717112",
                    "size": "75978177",
                    "download": "51455169851"
                }
            },
            "decryptionkey": "68b676b8e2acb3037d54da8df98b19b42f1d199f7c4f77533b69685f2b194968"
        },
        "branches": {
            "public": {
                "buildid": "12631941",
                "timeupdated": "1699369816"
            },
            "version2013": {
                "buildid": "410829",
                "description": "Slender The Arrival (2013)",
                "timeupdated": "1697636535"
            },
            "version2015": {
                "buildid": "421982",
                "description": "Slender The Arrival (2015)",
                "timeupdated": "1697636521"
            }
        },
        "privatebranches": "1"
    }
}