{
    "appid": 2622380,
    "name": "ELDEN RING NIGHTREIGN",
    "type": "Game",
    "schinese_name": "艾尔登法环 黑夜君临",
    "isfreeapp": 0,
    "update_time": "2025-07-23 20:10:34",
    "change_number": 30213180,
    "depot": {
        "228988": {
            "config": {
                "oslist": "windows"
            },
            "depotfromapp": "228980",
            "sharedinstall": "1"
        },
        "228990": {
            "config": {
                "oslist": "windows"
            },
            "depotfromapp": "228980",
            "sharedinstall": "1"
        },
        "baselanguages": "english,german,french,italian,koreana,spanish,schinese,tchinese,russian,thai,japanese,polish,arabic,brazilian,latam",
        "2622381": {
            "manifests": {
                "public": {
                    "gid": "5149951934111116028",
                    "size": "21548448609",
                    "download": "21199082976"
                }
            },
            "decryptionkey": "c3e9ccfedcda0cd10e53938e15261130b2e166007d2ca8f13aa5a05f06bd2630"
        },
        "2622382": {
            "manifests": {
                "public": {
                    "gid": "2042859119133736318",
                    "size": "433053937",
                    "download": "241568112"
                }
            },
            "decryptionkey": ""
        },
        "2622383": {
            "manifests": {
                "public": {
                    "gid": "1556329169555620777",
                    "size": "116185144",
                    "download": "69829648"
                }
            },
            "decryptionkey": "c6e496ba5ae5c8bfa358f3a7d923ec39964fa0a41c4fa77006249fe34e677af2"
        },
        "2622384": {
            "manifests": {
                "public": {
                    "gid": "645043676156494222",
                    "size": "116185144",
                    "download": "69829648"
                }
            },
            "decryptionkey": "029f67382779483e0b34bc2f1a1fae303e7f83a4efead9ed076448f386afd28f"
        },
        "3515600": {
            "dlcappid": "3515600",
            "manifests": {
                "public": {
                    "gid": "6784183289585886224",
                    "size": "419499199",
                    "download": "274870640"
                }
            },
            "decryptionkey": "698188f58b73df7953b831a1e83a2b75cce4a3ec24d6c8ea3e3869bed96219dd"
        },
        "branches": {
            "public": {
                "buildid": "19172834",
                "timeupdated": "1752652883"
            }
        },
        "privatebranches": "1"
    }
}