{
    "appid": 2761670,
    "name": "Sinister Night 2",
    "type": "Game",
    "schinese_name": "不祥之夜：回魂",
    "isfreeapp": 0,
    "update_time": "2025-07-22 02:12:42",
    "change_number": 30177249,
    "depot": {
        "228989": {
            "config": {
                "oslist": "windows"
            },
            "depotfromapp": "228980",
            "sharedinstall": "1"
        },
        "228990": {
            "config": {
                "oslist": "windows"
            },
            "depotfromapp": "228980",
            "sharedinstall": "1"
        },
        "2761671": {
            "config": {
                "oslist": "windows",
                "osarch": "64"
            },
            "manifests": {
                "public": {
                    "gid": "474571527783468768",
                    "size": "24550151637",
                    "download": "9654514640"
                }
            },
            "decryptionkey": "dd84f47ac8484212ed8f6d6a1c5372931a0e8b0fac876dcbc5fe2499f90f4282"
        },
        "baselanguages": "english,schinese",
        "branches": {
            "public": {
                "buildid": "19308250",
                "timeupdated": "1753146757"
            }
        },
        "privatebranches": "1"
    }
}