{
    "appid": 3749550,
    "name": "JDM: Japanese Drift Master - Support Pack",
    "type": "DLC",
    "schinese_name": "",
    "isfreeapp": 0,
    "update_time": "2025-07-02 13:29:28",
    "change_number": 29860218,
    "depot": {
        "3749551": {
            "manifests": {
                "public": {
                    "gid": "3311103993817349003",
                    "size": "7002051648",
                    "download": "6814028352"
                }
            },
            "dlcappid": "3749550",
            "decryptionkey": "ebe86f26c512a72840dfc92fcfd523c57ede0185d0150f30ea1f0e04a11a219d"
        },
        "branches": {
            "public": {
                "buildid": "19076853",
                "timeupdated": "1751459363"
            }
        }
    }
}