{
    "appid": 1903340,
    "name": "Clair Obscur: Expedition 33",
    "type": "Game",
    "schinese_name": "光与影：33号远征队",
    "isfreeapp": 0,
    "update_time": "2025-06-20 22:39:18",
    "change_number": 29670231,
    "depot": {
        "1903341": {
            "manifests": {
                "public": {
                    "gid": "5254624293993445364",
                    "size": "43633554843",
                    "download": "41987896304"
                }
            },
            "decryptionkey": "8593f9c4cd595f833d5344e55cd6c6fdb73d9a4fa05dab033ba71622265e8c82"
        },
        "branches": {
            "public": {
                "buildid": "18813677",
                "timeupdated": "1749580304"
            }
        },
        "privatebranches": "1"
    }
}