{
    "appid": 1029780,
    "name": "Going Medieval",
    "type": "Game",
    "schinese_name": "Going Medieval ( 前往中世纪 )",
    "isfreeapp": 0,
    "update_time": "2025-07-18 16:12:12",
    "change_number": 30134261,
    "depot": {
        "1029781": {
            "config": {
                "oslist": "windows",
                "language": ""
            },
            "manifests": {
                "public": {
                    "gid": "8996706251891365993",
                    "size": "651181083",
                    "download": "397452432"
                },
                "experimental": {
                    "gid": "7091088031101957609",
                    "size": "721975567",
                    "download": "430260736"
                },
                "save-migration": {
                    "gid": "6798494777981999312",
                    "size": "638894535",
                    "download": "369765520"
                },
                "legacy-0.7.17": {
                    "gid": "5240515032281478372",
                    "size": "697199231",
                    "download": "237038272"
                }
            },
            "decryptionkey": "80cc898af46b1219817e27d4d45647970682fd0e6fe8bd0308a630baf5344b15"
        },
        "workshopdepot": "1029780",
        "branches": {
            "public": {
                "buildid": "19233322",
                "timeupdated": "1752658710"
            },
            "experimental": {
                "buildid": "19276479",
                "description": "Home of future updates",
                "timeupdated": "1752851527"
            },
            "save-migration": {
                "buildid": "14598622",
                "description": "Migrate old saves to 0.18 and above",
                "timeupdated": "1717507512"
            },
            "legacy-0.7.17": {
                "buildid": "8299304",
                "description": "For playing saves created on versions older than 0.8.0",
                "timeupdated": "1653993660"
            }
        },
        "privatebranches": "1",
        "workshopdepotdecryptionkey": "4e96e36c4e9e642e977693fde3a83a9de4e33c9082297391ebdf5aedd4f7d560"
    }
}