{
    "appid": 3035850,
    "name": "Slenderman: Shadow of the Forest",
    "type": "Game",
    "schinese_name": "",
    "isfreeapp": 0,
    "update_time": "2025-06-20 14:14:48",
    "change_number": 29662473,
    "depot": {
        "hasdepotsindlc": "1",
        "baselanguages": "english",
        "228989": {
            "config": {
                "oslist": "windows"
            },
            "depotfromapp": "228980",
            "sharedinstall": "1"
        },
        "228990": {
            "config": {
                "oslist": "windows"
            },
            "depotfromapp": "228980",
            "sharedinstall": "1"
        },
        "3035851": {
            "config": {
                "oslist": "windows"
            },
            "manifests": {
                "public": {
                    "gid": "418646300930896454",
                    "size": "5397420246",
                    "download": "5186118032"
                }
            },
            "decryptionkey": "42096cd3b3c89194091be83b2c4d721fd5a43bcd2698c47f351d1acbd3fb3f01"
        },
        "3035852": {
            "config": {
                "oslist": "windows"
            }
        },
        "branches": {
            "public": {
                "buildid": "18252910",
                "timeupdated": "1745714163"
            }
        },
        "privatebranches": "1"
    }
}