{
    "appid": "2428810",
    "type": "Game",
    "name": "LEGO® Horizon Adventures™",
    "schinese_name": "LEGO® 地平线大冒险",
    "isfreeapp": "0",
    "change_number": "29011860",
    "update_time": "2025-05-16 05:30:48",
    "depot": {
        "228989": {
            "config": {
                "oslist": "windows"
            },
            "depotfromapp": "228980",
            "sharedinstall": "1"
        },
        "228990": {
            "config": {
                "oslist": "windows"
            },
            "depotfromapp": "228980",
            "sharedinstall": "1"
        },
        "2428811": {
            "config": {
                "oslist": "windows",
                "osarch": "64"
            },
            "manifests": {
                "public": {
                    "gid": "407163537835292904",
                    "size": "15204385184",
                    "download": "14199349840"
                }
            },
            "decryptionkey": "b736dc935b4daf6a78b341a34ecc87e55683c086b7ba22247ebb72fe5194c818"
        },
        "branches": {
            "public": {
                "buildid": "17118306",
                "timeupdated": "1738839416"
            }
        },
        "privatebranches": "1"
    }
}