{
    "appid": 1627720,
    "name": "Lies of P",
    "type": "Game",
    "schinese_name": "匹诺曹的谎言",
    "isfreeapp": 0,
    "update_time": "2025-07-09 05:37:56",
    "change_number": 29961846,
    "depot": {
        "228989": {
            "config": {
                "oslist": "windows"
            },
            "depotfromapp": "228980",
            "sharedinstall": "1"
        },
        "228990": {
            "config": {
                "oslist": "windows"
            },
            "depotfromapp": "228980",
            "sharedinstall": "1"
        },
        "1627721": {
            "config": {
                "oslist": "windows,linux"
            },
            "manifests": {
                "public": {
                    "gid": "2864050144902464475",
                    "size": "63629351169",
                    "download": "50851060752"
                }
            },
            "decryptionkey": "d847ff3494ad5b72d69b7b38c52474fdb22d437421b569013dd1508d8879f7c1"
        },
        "1627722": {
            "config": {
                "oslist": "macos"
            },
            "manifests": {
                "public": {
                    "gid": "6836272904728643256",
                    "size": "64679561469",
                    "download": "51215934672"
                }
            },
            "decryptionkey": "b2550c254da0b229ff5f5bb765b809d2fac5bd74a98ff3611b8cb8870e02aa6a"
        },
        "hasdepotsindlc": "0",
        "branches": {
            "public": {
                "buildid": "18991443",
                "timeupdated": "1751270376"
            }
        },
        "privatebranches": "1"
    },
    "access_token": 16027423782916783116
}