{
    "appid": "909320",
    "type": "Game",
    "name": "Ruinarch",
    "schinese_name": "",
    "isfreeapp": "0",
    "change_number": "28980412",
    "update_time": "2025-05-14 22:48:38",
    "depot": {
        "228983": {
            "config": {
                "oslist": "windows"
            },
            "depotfromapp": "228980",
            "sharedinstall": "1"
        },
        "228984": {
            "config": {
                "oslist": "windows"
            },
            "depotfromapp": "228980",
            "sharedinstall": "1"
        },
        "228985": {
            "config": {
                "oslist": "windows"
            },
            "depotfromapp": "228980",
            "sharedinstall": "1"
        },
        "229002": {
            "config": {
                "oslist": "windows"
            },
            "depotfromapp": "228980",
            "sharedinstall": "1"
        },
        "229003": {
            "config": {
                "oslist": "windows"
            },
            "depotfromapp": "228980",
            "sharedinstall": "1"
        },
        "229004": {
            "config": {
                "oslist": "windows"
            },
            "depotfromapp": "228980",
            "sharedinstall": "1"
        },
        "229005": {
            "config": {
                "oslist": "windows"
            },
            "depotfromapp": "228980",
            "sharedinstall": "1"
        },
        "229006": {
            "config": {
                "oslist": "windows"
            },
            "depotfromapp": "228980",
            "sharedinstall": "1"
        },
        "909321": {
            "config": {
                "oslist": "windows",
                "language": ""
            },
            "manifests": {
                "public": {
                    "gid": "8633749849271169632",
                    "size": "734159338",
                    "download": "379457040"
                }
            },
            "decryptionkey": "ee671fb876b8ba3abdcbb9f7ba4a12efeaa9cded6bfa43c2b8b1238ec7223dee"
        },
        "909322": {
            "config": {
                "oslist": "windows",
                "osarch": "32",
                "language": ""
            },
            "manifests": {
                "public": {
                    "gid": "3594498006041367085",
                    "size": "724559562",
                    "download": "376759344"
                }
            },
            "decryptionkey": ""
        },
        "909323": {
            "config": {
                "oslist": "windows",
                "osarch": "64",
                "language": ""
            },
            "manifests": {
                "public": {
                    "gid": "3375812720497237316",
                    "size": "734159338",
                    "download": "379457040"
                }
            },
            "decryptionkey": "1bd37af6de975ab477195ff93255fd28ade35279e63f515a1e1f620073efa976"
        },
        "workshopdepot": "909320",
        "branches": {
            "public": {
                "buildid": "14425697",
                "timeupdated": "1716194433"
            }
        },
        "privatebranches": "1",
        "workshopdepotdecryptionkey": "ff3d395c7765512166a87e8358a4e79cce12edc440217d0f8fc9ce2c6b627848"
    }
}