{
    "appid": 35140,
    "name": "Batman: Arkham Asylum GOTY Edition",
    "type": "Game",
    "schinese_name": "蝙蝠侠：阿卡姆疯人院年度版",
    "isfreeapp": 0,
    "update_time": "2025-07-11 12:34:59",
    "change_number": 30009759,
    "depot": {
        "overridescddb": "1",
        "35141": {
            "systemdefined": "1",
            "config": {
                "oslist": "windows"
            },
            "manifests": {
                "public": {
                    "gid": "873843482869406112",
                    "size": "8471095333",
                    "download": "0"
                }
            },
            "decryptionkey": "f108f5ba5d141ab8c93aa46f8e12693037a0485a896866c958451b685e52c979"
        },
        "35142": {
            "config": {
                "language": "french",
                "oslist": "windows"
            },
            "manifests": {
                "public": {
                    "gid": "4911371076158573761",
                    "size": "26",
                    "download": "0"
                }
            },
            "decryptionkey": "09239b68f83e2fb836c7bb735e1b96a0121243a9f54346e43e1b07a2e22181eb"
        },
        "35143": {
            "config": {
                "language": "german",
                "oslist": "windows"
            },
            "manifests": {
                "public": {
                    "gid": "5744972823522856010",
                    "size": "26",
                    "download": "0"
                }
            },
            "decryptionkey": "03b986768a588012bfb5fdaf3ad11ee4b33b4b408b31d08814594395d80277e9"
        },
        "35144": {
            "config": {
                "language": "italian",
                "oslist": "windows"
            },
            "manifests": {
                "public": {
                    "gid": "89354243401534757",
                    "size": "26",
                    "download": "0"
                }
            },
            "decryptionkey": "f7e30e80f5483b2293302be3c8ea049375827e43459f1ae6aca38b25c0e9a3b9"
        },
        "35145": {
            "config": {
                "language": "spanish",
                "oslist": "windows"
            },
            "manifests": {
                "public": {
                    "gid": "362455222359995561",
                    "size": "26",
                    "download": "0"
                }
            },
            "decryptionkey": "5e41b416397a0e7dd3880e84a2056b7d1629ec343e6cf1dd440f77b60e65760c"
        },
        "35146": {
            "config": {
                "oslist": "macos"
            },
            "manifests": {
                "public": {
                    "gid": "4235863132682389776",
                    "size": "9904956159",
                    "download": "8597124608"
                },
                "local": {
                    "gid": "356128573149577559",
                    "size": "9904956159",
                    "download": "8596485440"
                }
            },
            "decryptionkey": "1c4be18237c9fb70b0a3119c9ea7a5a0f9c2c96c4c794b2b8076ee813d145aca"
        },
        "35147": {
            "config": {
                "oslist": "macos"
            },
            "manifests": {
                "public": {
                    "gid": "4513721724160477233",
                    "size": "147813872",
                    "download": "89799072"
                },
                "local": {
                    "gid": "5562351452639561813",
                    "size": "101514747",
                    "download": "42614528"
                }
            },
            "decryptionkey": "43851e08bc4211e287d7438b90d217c1af581fdfa70559853fb740e07a2a5643"
        },
        "35148": {
            "config": {
                "oslist": "macos",
                "language": "french"
            },
            "manifests": {
                "public": {
                    "gid": "5644989832991465893",
                    "size": "2",
                    "download": "48"
                },
                "local": {
                    "gid": "506027633177950563",
                    "size": "2",
                    "download": "48"
                }
            },
            "decryptionkey": "77ba00a31ee00c85678bd665f48e806274e08e2e7d56956dc4a4abea803895b3"
        },
        "35149": {
            "config": {
                "oslist": "macos",
                "language": "german"
            },
            "manifests": {
                "public": {
                    "gid": "6473125455391125482",
                    "size": "2",
                    "download": "48"
                },
                "local": {
                    "gid": "144523277320536137",
                    "size": "2",
                    "download": "48"
                }
            },
            "decryptionkey": "ef3207d6c0fbbee9dac9b6b80ebeecd26aed9bdb8ea8db954d91bafa3b77a537"
        },
        "342720": {
            "config": {
                "language": "italian",
                "oslist": "macos"
            },
            "manifests": {
                "public": {
                    "gid": "711200135367581059",
                    "size": "2",
                    "download": "48"
                },
                "local": {
                    "gid": "38786469926175632",
                    "size": "2",
                    "download": "48"
                }
            },
            "decryptionkey": "f0d582036bf5422ef9b7bc8206606595462eb31d60dfba1db8a2a71f43489203"
        },
        "342721": {
            "config": {
                "language": "spanish",
                "oslist": "macos"
            },
            "manifests": {
                "public": {
                    "gid": "2931604661506951695",
                    "size": "2",
                    "download": "48"
                },
                "local": {
                    "gid": "37762263407104572",
                    "size": "2",
                    "download": "48"
                }
            },
            "decryptionkey": "c652b833d6129755643a0bb77e73670ac65f8f0844fe9850302f1169f5b369d4"
        },
        "342722": {
            "config": {
                "language": "english",
                "oslist": "macos"
            },
            "manifests": {
                "public": {
                    "gid": "4439952150676537934",
                    "size": "2",
                    "download": "48"
                },
                "local": {
                    "gid": "113647625197078176",
                    "size": "2",
                    "download": "48"
                }
            },
            "decryptionkey": "5ce07695ab96d37dc7d96f5a2005e62536476b716cd6cb9bf2ab53c0967e4fb6"
        },
        "branches": {
            "public": {
                "buildid": "597963"
            },
            "local": {
                "buildid": "802907",
                "description": "Local Content Server",
                "lcsrequired": "1"
            }
        },
        "privatebranches": "1"
    }
}