{
    "appid": 218620,
    "name": "PAYDAY 2",
    "type": "Game",
    "schinese_name": "收获日2",
    "isfreeapp": 0,
    "update_time": "2025-06-27 21:19:40",
    "change_number": 29794284,
    "depot": {
        "depotdeltapatches": "1",
        "preloadonly": "1",
        "markdlcdepots": "1",
        "baselanguages": "english,german,french,italian,koreana,spanish,schinese,russian,japanese,polish,dutch,brazilian,latam",
        "workshopdepot": "218620",
        "228982": {
            "config": {
                "oslist": "windows"
            },
            "depotfromapp": "228980",
            "sharedinstall": "1"
        },
        "228985": {
            "config": {
                "oslist": "windows"
            },
            "depotfromapp": "228980",
            "sharedinstall": "1"
        },
        "228986": {
            "config": {
                "oslist": "windows"
            },
            "depotfromapp": "228980",
            "sharedinstall": "1"
        },
        "228990": {
            "config": {
                "oslist": "windows"
            },
            "depotfromapp": "228980",
            "sharedinstall": "1"
        },
        "229031": {
            "config": {
                "oslist": "windows"
            },
            "depotfromapp": "228980",
            "sharedinstall": "1"
        },
        "218621": {
            "systemdefined": "1",
            "config": {
                "oslist": "windows"
            },
            "manifests": {
                "public": {
                    "gid": "5646129736559894459",
                    "size": "88618350278",
                    "download": "35742625360"
                },
                "local": {
                    "gid": "4225381265546991631",
                    "size": "56667973382",
                    "download": "24160485344"
                },
                "tournament": {
                    "gid": "8800565436597462908",
                    "size": "31033626070",
                    "download": "14795266240"
                }
            },
            "decryptionkey": "2d0de203756909d9b2b65506594648ce773a0428741fcae5208616bd9c79d3ea"
        },
        "218623": {
            "config": {
                "language": "russian"
            },
            "manifests": {
                "public": {
                    "gid": "7700458186423454139",
                    "size": "0",
                    "download": "0"
                },
                "local": {
                    "gid": "8744533892273923189",
                    "size": "806",
                    "download": "496"
                },
                "tournament": {
                    "gid": "8744533892273923189",
                    "size": "806",
                    "download": "496"
                }
            },
            "decryptionkey": "125afa058982488c55e77fc1ed4e1a4f160786f8383db3db5ed5510d760611b6"
        },
        "218624": {
            "config": {
                "language": "dutch"
            },
            "manifests": {
                "public": {
                    "gid": "6736605256120450039",
                    "size": "0",
                    "download": "0"
                },
                "local": {
                    "gid": "715437093760289904",
                    "size": "804",
                    "download": "496"
                },
                "tournament": {
                    "gid": "715437093760289904",
                    "size": "804",
                    "download": "496"
                }
            },
            "decryptionkey": "deab327ada094059df67910f69c19cfffeb79aff089df65433f1760ad23bf639"
        },
        "218625": {
            "config": {
                "language": "french"
            },
            "manifests": {
                "public": {
                    "gid": "3325538660884987003",
                    "size": "0",
                    "download": "0"
                },
                "local": {
                    "gid": "4027802341854177595",
                    "size": "805",
                    "download": "496"
                },
                "tournament": {
                    "gid": "4027802341854177595",
                    "size": "805",
                    "download": "496"
                }
            },
            "decryptionkey": "af7ebe5bfa557f52f7d9993481d10385f5eb32adf77936bc8d9a4f66a9d80fdc"
        },
        "218626": {
            "config": {
                "language": "german"
            },
            "manifests": {
                "public": {
                    "gid": "8111024477834407195",
                    "size": "0",
                    "download": "0"
                },
                "local": {
                    "gid": "8206359729537046208",
                    "size": "805",
                    "download": "496"
                },
                "tournament": {
                    "gid": "8206359729537046208",
                    "size": "805",
                    "download": "496"
                }
            },
            "decryptionkey": "90e5e5d05e46661b2c26e7194d6531796a4017bca0f5e5900cd79f01dd45537b"
        },
        "218627": {
            "config": {
                "language": "italian"
            },
            "manifests": {
                "public": {
                    "gid": "5146760485964231618",
                    "size": "0",
                    "download": "0"
                },
                "local": {
                    "gid": "5715404209949621073",
                    "size": "806",
                    "download": "496"
                },
                "tournament": {
                    "gid": "5715404209949621073",
                    "size": "806",
                    "download": "496"
                }
            },
            "decryptionkey": "5baf56fb99687983be6e6c22a7be8889468866a4eda552bbe3dc5ffc212081b7"
        },
        "218628": {
            "config": {
                "language": "spanish"
            },
            "manifests": {
                "public": {
                    "gid": "2507768204192281825",
                    "size": "0",
                    "download": "0"
                },
                "local": {
                    "gid": "4132281142213196581",
                    "size": "806",
                    "download": "496"
                },
                "tournament": {
                    "gid": "4132281142213196581",
                    "size": "806",
                    "download": "496"
                }
            },
            "decryptionkey": "bf4eac2b5b55bdc1264f00e3f24193e6c82c01284b02f3af2137ab8915211e86"
        },
        "218629": {
            "config": {
                "language": "japanese"
            },
            "manifests": {
                "public": {
                    "gid": "6307434253818453593",
                    "size": "1352",
                    "download": "656"
                }
            },
            "decryptionkey": "26cbf329bd73db8f9e7beefe23857b1e0c76b3aef5d3e9e4e6b5b3f31be0ddc5"
        },
        "218631": {
            "config": {
                "language": "schinese"
            },
            "manifests": {
                "public": {
                    "gid": "2916203722723946867",
                    "size": "1352",
                    "download": "672"
                }
            },
            "decryptionkey": "1c394d148b286577ab96453164cb03ded6619ccfad3da0f01aac23d71302d1e2"
        },
        "218633": {
            "config": {
                "language": "latam"
            }
        },
        "218634": {
            "config": {
                "language": "koreana"
            }
        },
        "218630": {
            "config": {
                "oslist": "windows"
            },
            "dlcappid": "218630",
            "manifests": {
                "public": {
                    "gid": "5536271309787494781",
                    "size": "0",
                    "download": "0"
                },
                "local": {
                    "gid": "5223593335870345039",
                    "size": "2478715769",
                    "download": "2380851360"
                },
                "tournament": {
                    "gid": "5223593335870345039",
                    "size": "2478715769",
                    "download": "2380851360"
                }
            },
            "decryptionkey": "80aa89abaa061beb1ccf5cb5f1ab79eb7cf11f79c2767f5477e2ae92675f9e55"
        },
        "254260": {
            "dlcappid": "254260",
            "manifests": {
                "public": {
                    "gid": "7885621803433237728",
                    "size": "2405537411",
                    "download": "2309672112"
                },
                "local": {
                    "gid": "7885621803433237728",
                    "size": "2405537411",
                    "download": "2309672112"
                },
                "tournament": {
                    "gid": "7885621803433237728",
                    "size": "2405537411",
                    "download": "2309672112"
                }
            },
            "decryptionkey": "685f9ea20bba151bc1afd38d564fbeb79714127d8860e6e3709b42597942586e"
        },
        "368870": {
            "dlcappid": "368870",
            "manifests": {
                "public": {
                    "gid": "1337488452970909033",
                    "size": "305404591",
                    "download": "296481488"
                },
                "local": {
                    "gid": "1337488452970909033",
                    "size": "305404591",
                    "download": "296481488"
                },
                "tournament": {
                    "gid": "618964729498860388",
                    "size": "309058853",
                    "download": "293048768"
                }
            },
            "decryptionkey": "88e548381947ae497f4412b47a2fb962ef3a6c85ac20bff4e3ebcce1b608e5f8"
        },
        "267381": {
            "dlcappid": "267381",
            "manifests": {
                "public": {
                    "gid": "8983085739249833412",
                    "size": "412155423",
                    "download": "407782656"
                },
                "local": {
                    "gid": "8983085739249833412",
                    "size": "412155423",
                    "download": "407782656"
                },
                "tournament": {
                    "gid": "8983085739249833412",
                    "size": "412155423",
                    "download": "407782656"
                }
            },
            "decryptionkey": "6eb9e5fd6c12890fb9bc3130a6e968b9f8e369df554af53e073e8dae99f40c7f"
        },
        "2076560": {
            "dlcappid": "2076560",
            "manifests": {
                "public": {
                    "gid": "5245040824892464413",
                    "size": "525357826",
                    "download": "528609888"
                }
            },
            "decryptionkey": "107c80c6f6e8200462fb697af71577ad703e4a640b1f64850e60e7fae6226f9b"
        },
        "218622": {
            "config": {
                "oslist": "macos"
            }
        },
        "218632": {
            "config": {
                "oslist": "linux",
                "osarch": "64"
            },
            "manifests": {
                "public": {
                    "gid": "7553784073178780379",
                    "size": "88322044800",
                    "download": "35559685168"
                },
                "local": {
                    "gid": "6409147770300315496",
                    "size": "57572906710",
                    "download": "24248676896"
                },
                "tournament": {
                    "gid": "5203706519506176265",
                    "size": "31102649059",
                    "download": "14650684704"
                }
            },
            "decryptionkey": "2851e3544784ade4486f7cd973ac593c8b7232e951adb1ab11037c750e05c560"
        },
        "974460": {
            "dlcappid": "974460",
            "manifests": {
                "public": {
                    "gid": "7712954533225333834",
                    "size": "1038200271",
                    "download": "1029587920"
                }
            },
            "decryptionkey": "876285ae8e877eddef056b17241e282dc5b3e09c99fa91986425309be9782add"
        },
        "hasdepotsindlc": "1",
        "branches": {
            "public": {
                "buildid": "15688972",
                "timeupdated": "1726233659"
            },
            "local": {
                "buildid": "3444511",
                "description": "Local Content Server",
                "lcsrequired": "1",
                "timeupdated": "1546655246"
            },
            "tournament": {
                "buildid": "1348895",
                "description": "tournament",
                "timeupdated": "1503323639"
            }
        },
        "privatebranches": "1",
        "workshopdepotdecryptionkey": "b005cdff158b60e65c0c26498b91d145f8e68cfc09c793ba62716d87c1a4369e"
    }
}