{
    "appid": 962130,
    "name": "Grounded",
    "type": "Game",
    "schinese_name": "禁闭求生",
    "isfreeapp": 0,
    "update_time": "2025-06-14 19:04:20",
    "change_number": 29517892,
    "depot": {
        "228983": {
            "config": {
                "oslist": "windows"
            },
            "depotfromapp": "228980",
            "sharedinstall": "1"
        },
        "228984": {
            "config": {
                "oslist": "windows"
            },
            "depotfromapp": "228980",
            "sharedinstall": "1"
        },
        "228988": {
            "config": {
                "oslist": "windows"
            },
            "depotfromapp": "228980",
            "sharedinstall": "1"
        },
        "228990": {
            "config": {
                "oslist": "windows"
            },
            "depotfromapp": "228980",
            "sharedinstall": "1"
        },
        "962131": {
            "config": {
                "oslist": "windows"
            },
            "manifests": {
                "public": {
                    "gid": "1768200224774657340",
                    "size": "12144883677",
                    "download": "11485077120"
                },
                "public_test": {
                    "gid": "3779198334583472992",
                    "size": "12142745487",
                    "download": "11484815296"
                }
            },
            "decryptionkey": "809ed5f98fa8a3d2c3636c33504157cf05fc683e1810d35e554d7976573a4424"
        },
        "962132": {
            "config": {
                "language": "english",
                "oslist": "windows"
            },
            "manifests": {
                "public": {
                    "gid": "6302913331842664540",
                    "size": "0",
                    "download": "0"
                },
                "public_test": {
                    "gid": "6302913331842664540",
                    "size": "0",
                    "download": "0"
                }
            },
            "decryptionkey": ""
        },
        "962133": {
            "config": {
                "language": "english",
                "oslist": "windows"
            },
            "manifests": {
                "public": {
                    "gid": "2318510851023808",
                    "size": "0",
                    "download": "0"
                },
                "public_test": {
                    "gid": "2318510851023808",
                    "size": "0",
                    "download": "0"
                }
            },
            "decryptionkey": ""
        },
        "962134": {
            "config": {
                "steamdeck": "1"
            },
            "manifests": {
                "public": {
                    "gid": "5364155453177518539",
                    "size": "0",
                    "download": "0"
                },
                "public_test": {
                    "gid": "5364155453177518539",
                    "size": "0",
                    "download": "0"
                }
            },
            "decryptionkey": "d8b1b4a7d68cf73a4aade13a9d230c6f1b7b397273cfad6b1a5713c631170002"
        },
        "962135": {
            "manifests": {
                "public": {
                    "gid": "575292785999943558",
                    "size": "13147",
                    "download": "3712"
                },
                "public_test": {
                    "gid": "575292785999943558",
                    "size": "13147",
                    "download": "3712"
                }
            },
            "decryptionkey": ""
        },
        "branches": {
            "public": {
                "buildid": "18247588",
                "timeupdated": "1747069353"
            },
            "public_test": {
                "buildid": "17768739",
                "description": "Public Test",
                "timeupdated": "1742317283"
            }
        },
        "privatebranches": "1"
    }
}