{
    "appid": "1590760",
    "type": "Game",
    "name": "Metal Slug Tactics",
    "schinese_name": "合金弹头：战略版",
    "isfreeapp": "0",
    "change_number": "28988396",
    "update_time": "2025-05-15 03:40:02",
    "depot": {
        "1590761": {
            "manifests": {
                "public": {
                    "gid": "3289353508982195138",
                    "size": "1641589648",
                    "download": "1143914608"
                }
            },
            "decryptionkey": "582787963ed712941b80876d6bf558142ecd14682722438b0b64d3bfe68be66d"
        },
        "branches": {
            "public": {
                "buildid": "17004001",
                "timeupdated": "1737471628"
            }
        },
        "privatebranches": "1"
    }
}