{
    "appid": 1351240,
    "name": "Taxi Life: A City Driving Simulator",
    "type": "Game",
    "schinese_name": "出租生涯：模拟城市驾驶",
    "isfreeapp": 0,
    "update_time": "2025-07-23 23:30:11",
    "change_number": 30215814,
    "depot": {
        "baselanguages": "english,german,french,italian,koreana,spanish,schinese,tchinese,russian,japanese,polish,dutch,arabic,brazilian",
        "228989": {
            "config": {
                "oslist": "windows"
            },
            "depotfromapp": "228980",
            "sharedinstall": "1"
        },
        "228990": {
            "config": {
                "oslist": "windows"
            },
            "depotfromapp": "228980",
            "sharedinstall": "1"
        },
        "1351241": {
            "config": {
                "oslist": "windows",
                "osarch": "64"
            },
            "manifests": {
                "public": {
                    "gid": "6805473830722308430",
                    "size": "5651050272",
                    "download": "3972165600"
                }
            },
            "decryptionkey": "9e79fc452f59614517425d51bae47b42451e0a8aaba07aa8b48b756424d68539"
        },
        "branches": {
            "public": {
                "buildid": "19061149",
                "timeupdated": "1752480942"
            }
        },
        "privatebranches": "1"
    }
}