{
    "appid": 770810,
    "name": "Good Pizza, Great Pizza",
    "type": "Game",
    "schinese_name": "可口的披萨，美味的披萨",
    "isfreeapp": 0,
    "update_time": "2025-07-23 22:06:50",
    "change_number": 30214786,
    "depot": {
        "hasdepotsindlc": "0",
        "baselanguages": "english",
        "228983": {
            "config": {
                "oslist": "windows"
            },
            "depotfromapp": "228980",
            "sharedinstall": "1"
        },
        "228984": {
            "config": {
                "oslist": "windows"
            },
            "depotfromapp": "228980",
            "sharedinstall": "1"
        },
        "228985": {
            "config": {
                "oslist": "windows"
            },
            "depotfromapp": "228980",
            "sharedinstall": "1"
        },
        "228988": {
            "config": {
                "oslist": "windows"
            },
            "depotfromapp": "228980",
            "sharedinstall": "1"
        },
        "770811": {
            "config": {
                "oslist": "windows"
            },
            "manifests": {
                "public": {
                    "gid": "2056323045740389967",
                    "size": "1664612432",
                    "download": "1619177904"
                }
            },
            "decryptionkey": "53885f672671f1cab932380f2c152ea3409de15ce3eb9c52c9ac4b51c8d4c3c8"
        },
        "770812": {
            "config": {
                "oslist": "macos"
            },
            "manifests": {
                "public": {
                    "gid": "7703420912306326322",
                    "size": "933934757",
                    "download": "910366256"
                }
            },
            "decryptionkey": "a9613751b6df3094c478b8b20ecbc614e332e7b46b4e0d5bad2cffd8868963dc"
        },
        "1499790": {
            "dlcappid": "1499790",
            "manifests": {
                "public": {
                    "gid": "7442574575861511439",
                    "size": "298180",
                    "download": "301744"
                }
            },
            "decryptionkey": "dd8978e1794246bb6b7e283d625dd7073346b74d1516db544bfffdfdbb48177c"
        },
        "1863040": {
            "dlcappid": "1863040",
            "manifests": {
                "public": {
                    "gid": "9085119277803129729",
                    "size": "1177405",
                    "download": "1191664"
                }
            },
            "decryptionkey": "798a1a326cccf6f470916d8ab790c765add90425d938e857279dc90cc6421688"
        },
        "1934960": {
            "dlcappid": "1934960",
            "manifests": {}
        },
        "2066190": {
            "dlcappid": "2066190",
            "manifests": {
                "public": {
                    "gid": "6665168784716223506",
                    "size": "2060787",
                    "download": "2086000"
                }
            },
            "decryptionkey": "aa0f65f29bf564677bfd8961eb9fda3d9518c8a8f8da1dd95fd460f4820549eb"
        },
        "2158790": {
            "dlcappid": "2158790"
        },
        "2177931": {
            "dlcappid": "2177931",
            "manifests": {
                "public": {
                    "gid": "2000579884433422062",
                    "size": "1293019",
                    "download": "1309552"
                }
            },
            "decryptionkey": "c5020df5debc2bfed5fa8d7e2fea0187d51ba4b10a6f9e3ca3521d0d4e8b526e"
        },
        "2177980": {
            "dlcappid": "2177980",
            "manifests": {
                "public": {
                    "gid": "8091542638805051733",
                    "size": "4170634",
                    "download": "4226960"
                }
            },
            "decryptionkey": "8c499e9cd4c1a8e0e7ba9a5b21ed0604b3fab0171b1188992781cdf478b3ac1c"
        },
        "2177932": {
            "dlcappid": "2177932",
            "manifests": {
                "public": {
                    "gid": "6868498442225524356",
                    "size": "2985834",
                    "download": "3024928"
                }
            },
            "decryptionkey": "4f319d0bc1cdb837672fc52f190678f45ce3b6f435fbc85605c074bfef025339"
        },
        "2177930": {
            "dlcappid": "2177930",
            "manifests": {
                "public": {
                    "gid": "9148804161130888871",
                    "size": "2108982",
                    "download": "2137456"
                }
            },
            "decryptionkey": "fa87d0e8db843621517382462d7673343c0b3b366cbb8fe157267259f503b4d9"
        },
        "2177933": {
            "dlcappid": "2177933",
            "manifests": {
                "public": {
                    "gid": "2674072442739848862",
                    "size": "3933693",
                    "download": "3981888"
                }
            },
            "decryptionkey": "ae69fa80784c803b2f32d6d040c50aa35feecc618ad217ca5741fe04c326c23f"
        },
        "2177934": {
            "dlcappid": "2177934",
            "manifests": {
                "public": {
                    "gid": "3079244926586779591",
                    "size": "89746",
                    "download": "89920"
                }
            },
            "decryptionkey": "d4baae5cedbfea467db618bf269aff5ad5644b05525f3d17eeb8ac76482da567"
        },
        "2206770": {
            "dlcappid": "2206770",
            "manifests": {
                "public": {
                    "gid": "8779896697991241356",
                    "size": "9164366",
                    "download": "9275072"
                }
            },
            "decryptionkey": "9696217063327a79b4b63300e8dd71aff6ec906bb093896b90aeeb72acd955b8"
        },
        "2206780": {
            "dlcappid": "2206780",
            "manifests": {
                "public": {
                    "gid": "1661216368347213416",
                    "size": "4283616",
                    "download": "4340944"
                }
            },
            "decryptionkey": "f04dc3c501b97c63741693540399b61451760264afcb3c1a8d1ca46250f24f17"
        },
        "2206781": {
            "dlcappid": "2206781",
            "manifests": {
                "public": {
                    "gid": "5706086177514404814",
                    "size": "4461581",
                    "download": "4522080"
                }
            },
            "decryptionkey": "8f024ef153d0b5348289911866612b46bcfdbc9343bc58bd9c2f32c0c6a1e591"
        },
        "2206782": {
            "dlcappid": "2206782",
            "manifests": {
                "public": {
                    "gid": "8447507258261088455",
                    "size": "3957884",
                    "download": "4007584"
                }
            },
            "decryptionkey": "3c253b7e1c1efc9c8c9121080ebe7c0cca7d156de724d6991179a0d681eda075"
        },
        "2206783": {
            "dlcappid": "2206783",
            "manifests": {
                "public": {
                    "gid": "9118959957827122930",
                    "size": "838840",
                    "download": "848096"
                }
            },
            "decryptionkey": "79b62b254e6d7951bd0044ec6cf90c75d12aa4ce481be4f24c095462004f43de"
        },
        "2243630": {
            "dlcappid": "2243630",
            "manifests": {
                "public": {
                    "gid": "8133654948446209424",
                    "size": "4325797",
                    "download": "4383040"
                }
            },
            "decryptionkey": "557ee22e87655e4103d770f7f18ca2c4505e1619a1dbc156d3ec0464cb4a1621"
        },
        "2243631": {
            "dlcappid": "2243631",
            "manifests": {
                "public": {
                    "gid": "8344985702667662075",
                    "size": "4640877",
                    "download": "4702256"
                }
            },
            "decryptionkey": "d0efd2fe5ec3fdd3dcd64005443b5d56df09aa38a4ee14faf725feeb60f51aca"
        },
        "2243632": {
            "dlcappid": "2243632",
            "manifests": {
                "public": {
                    "gid": "8910897654592695067",
                    "size": "4136016",
                    "download": "4191024"
                }
            },
            "decryptionkey": "961f686f0127f9fed99265a0dc333a223f54529cadc70f19cc842f8a96cbcbfe"
        },
        "2243633": {
            "dlcappid": "2243633",
            "manifests": {
                "public": {
                    "gid": "8810082036247887422",
                    "size": "8566506",
                    "download": "8680336"
                }
            },
            "decryptionkey": "c227e28d6a205e58a033406920e0f48f8d08494653bc7e2b2a8b8049cbda48ae"
        },
        "2243634": {
            "dlcappid": "2243634",
            "manifests": {
                "public": {
                    "gid": "8024103297722643397",
                    "size": "2741843",
                    "download": "2778800"
                }
            },
            "decryptionkey": "16c6647160e769cd96c3b49a060599ffe5b32f5bc90a3110d414f40c2d144a2b"
        },
        "2243635": {
            "dlcappid": "2243635",
            "manifests": {
                "public": {
                    "gid": "8630008894954480628",
                    "size": "4175018",
                    "download": "4221200"
                }
            },
            "decryptionkey": "cd4167b44fd1ca6cba34ce28cc39ad24873f22cda868b3ceee1e200e7a028bf6"
        },
        "2243636": {
            "dlcappid": "2243636",
            "manifests": {
                "public": {
                    "gid": "5902311429227376700",
                    "size": "108312",
                    "download": "108816"
                }
            },
            "decryptionkey": "1bb3e2e3369c489f7c96dcdbd7f4c344e249f000fe9266913803e39f141a285c"
        },
        "2299311": {
            "dlcappid": "2299311",
            "manifests": {
                "public": {
                    "gid": "8366766649767080511",
                    "size": "829675",
                    "download": "839424"
                }
            },
            "decryptionkey": "9852fc6c7d251f5ebe042f17282535a5bb835f1f9e0d347d51a9b43c650864f7"
        },
        "2299312": {
            "dlcappid": "2299312",
            "manifests": {
                "public": {
                    "gid": "4625099020942838616",
                    "size": "2181679",
                    "download": "2209728"
                }
            },
            "decryptionkey": "f34a6c73346627e328ef1c8cd0e672ad26af5d899d1bd177e6dca44974087339"
        },
        "2299314": {
            "dlcappid": "2299314",
            "manifests": {
                "public": {
                    "gid": "7976271539682850792",
                    "size": "1070731",
                    "download": "1083360"
                }
            },
            "decryptionkey": "995e06fdcc6fe6bbff701baff1b2d40c38ef049f62dc3b5a06c343d56adb5392"
        },
        "2299313": {
            "dlcappid": "2299313",
            "manifests": {
                "public": {
                    "gid": "6912295152108846287",
                    "size": "108537",
                    "download": "108944"
                }
            },
            "decryptionkey": "0a88f4d6540d971798e2833e837ddf9c945d70d241c8f7d1c82a8d01084be7a9"
        },
        "2299310": {
            "dlcappid": "2299310",
            "manifests": {
                "public": {
                    "gid": "7074399587565654318",
                    "size": "2919254",
                    "download": "2958048"
                }
            },
            "decryptionkey": "c8362853da030e322a1d6c503ce11a78b34112160dcb65d9271304f0b308fda4"
        },
        "2352650": {
            "dlcappid": "2352650",
            "manifests": {
                "public": {
                    "gid": "7944416506812465471",
                    "size": "1478310",
                    "download": "1497056"
                }
            },
            "decryptionkey": "eb843033756deaceb8babe3907bdcdcdeb449e1951f365447d0b94af17f4e1ef"
        },
        "2352651": {
            "dlcappid": "2352651",
            "manifests": {
                "public": {
                    "gid": "8314463261945959922",
                    "size": "2233394",
                    "download": "2262064"
                }
            },
            "decryptionkey": "433270ff7573f1b3cc777d7a82c10a1c7b996f2dc99cca9c57697da543b39ff1"
        },
        "2352652": {
            "dlcappid": "2352652",
            "manifests": {
                "public": {
                    "gid": "8482599988822598130",
                    "size": "96711",
                    "download": "96944"
                }
            },
            "decryptionkey": "e0da5390735d49b30e5b22e19bd31570af80de2921489d6593c0782bd9a7de85"
        },
        "2352653": {
            "dlcappid": "2352653",
            "manifests": {
                "public": {
                    "gid": "8834461279436504875",
                    "size": "2703113",
                    "download": "2738608"
                }
            },
            "decryptionkey": "511f480331d3000d425cc7220a7cb5ac0307303364094883f009e499fa40b39a"
        },
        "2392190": {
            "dlcappid": "2392190",
            "manifests": {
                "public": {
                    "gid": "8820138085492551731",
                    "size": "2914384",
                    "download": "2950896"
                }
            },
            "decryptionkey": "6a253be28bddf416a27100baf669b556e609a259d378e4fb297dd6c171067a67"
        },
        "2392192": {
            "dlcappid": "2392192",
            "manifests": {
                "public": {
                    "gid": "7435593840205201362",
                    "size": "488340",
                    "download": "494416"
                }
            },
            "decryptionkey": "6ed80829dc2fd78f9581381712a66d3af573de1e51a511f69363aa4f9d2495cb"
        },
        "2392191": {
            "dlcappid": "2392191",
            "manifests": {
                "public": {
                    "gid": "8756107406588379685",
                    "size": "5741143",
                    "download": "5817696"
                }
            },
            "decryptionkey": "8b780f8fdf577cd69b2b17f2fde1c69567286a38c9ab16ae4e78bdea458b11f4"
        },
        "2392193": {
            "dlcappid": "2392193",
            "manifests": {
                "public": {
                    "gid": "8674520356739985081",
                    "size": "2002188",
                    "download": "2024496"
                }
            },
            "decryptionkey": "7eda6126a1acf84a3e3f66d93ac4e42af5be26a64a78cd0cc32f4d59e3eb2475"
        },
        "2410240": {
            "dlcappid": "2410240",
            "manifests": {
                "public": {
                    "gid": "8762368466042005108",
                    "size": "511971",
                    "download": "518848"
                }
            },
            "decryptionkey": "14d5edaf393e3b446d6066f9e17a69d1188701173ba9f77305088954d998c5ac"
        },
        "2410241": {
            "dlcappid": "2410241",
            "manifests": {
                "public": {
                    "gid": "7999285643803132744",
                    "size": "1331211",
                    "download": "1349408"
                }
            },
            "decryptionkey": "ca589b6ab65858d87129adf44bd57cfaca1684f9dbce158bc1564bb8d2baf7ec"
        },
        "2410242": {
            "dlcappid": "2410242",
            "manifests": {
                "public": {
                    "gid": "5152864827386584854",
                    "size": "1285965",
                    "download": "1303472"
                }
            },
            "decryptionkey": "dd83c0b3984a9e930da0c4b297805ccb4d6bf831291a4e2add3975b1131b93e7"
        },
        "2410243": {
            "dlcappid": "2410243",
            "manifests": {
                "public": {
                    "gid": "8495055025273890976",
                    "size": "1239345",
                    "download": "1256272"
                }
            },
            "decryptionkey": "fcb773b2501e0599fe685bfc731a08538210ad25250c3d977da2820b473c0441"
        },
        "2410244": {
            "dlcappid": "2410244",
            "manifests": {
                "public": {
                    "gid": "8704276439741659989",
                    "size": "1081173",
                    "download": "1095920"
                }
            },
            "decryptionkey": "aa0b5e5af3f0a088b65ff3c4bed7a79851c338ba9966af7fb6a5bcb551bfe6ad"
        },
        "2446750": {
            "dlcappid": "2446750",
            "manifests": {
                "public": {
                    "gid": "8769803358934617842",
                    "size": "747385",
                    "download": "757408"
                }
            },
            "decryptionkey": "29e1ca0838ba2ec38f2b6a560981e181aacdcf23ff708395143f06a3e1330241"
        },
        "2477810": {
            "dlcappid": "2477810",
            "manifests": {
                "public": {
                    "gid": "9194430125514155320",
                    "size": "701353",
                    "download": "710800"
                }
            },
            "decryptionkey": "67b352ccc0ef54b1d89e818dcba15aec4f059b51e09f40d5dc7c7385dafb8b61"
        },
        "2596990": {
            "dlcappid": "2596990",
            "manifests": {
                "public": {
                    "gid": "7540908273818469375",
                    "size": "1855771",
                    "download": "1881008"
                }
            },
            "decryptionkey": "266ac276e998066b24ff2a331639beff46d9547b017517d7e46d5f232c2a6971"
        },
        "2597000": {
            "dlcappid": "2597000",
            "manifests": {
                "public": {
                    "gid": "6835339965923917573",
                    "size": "1883949",
                    "download": "1909600"
                }
            },
            "decryptionkey": "5f32a3558baec111fe68149238e6253cdcbd7851b9472b34cc5d8ee6c72331f2"
        },
        "2616950": {
            "dlcappid": "2616950",
            "manifests": {
                "public": {
                    "gid": "7627039415360453759",
                    "size": "790476",
                    "download": "801136"
                }
            },
            "decryptionkey": "79a3a0ae4bd5cb7d5d9b9d8fc38ba08d9c56fd7376233697620e0d1a2fd4beb7"
        },
        "2616960": {
            "dlcappid": "2616960",
            "manifests": {
                "public": {
                    "gid": "5200989004629527586",
                    "size": "699121",
                    "download": "708496"
                }
            },
            "decryptionkey": "ffb009795c476b79ceb89a44cb3ee2b5fe4c99531fafdc0e190dcdd7c358d373"
        },
        "2616970": {
            "dlcappid": "2616970",
            "manifests": {
                "public": {
                    "gid": "9090168045537489218",
                    "size": "823739",
                    "download": "834816"
                }
            },
            "decryptionkey": "69f519fd116ff10e408227147fdfab5b3651c4d86615c38e37ce46083c398f24"
        },
        "2648470": {
            "dlcappid": "2648470",
            "manifests": {
                "public": {
                    "gid": "8391226266260570390",
                    "size": "869585",
                    "download": "881312"
                }
            },
            "decryptionkey": "a841d7ffb025ea372848d27f71102573f4aa60e367fe16d3ac3d7131ded313ec"
        },
        "2648480": {
            "dlcappid": "2648480",
            "manifests": {
                "public": {
                    "gid": "5533327972295535258",
                    "size": "1126411",
                    "download": "1141808"
                }
            },
            "decryptionkey": "09b24f0d217f7d46936a9f34224a038908ad5ef066076331988c70756e971f53"
        },
        "2648490": {
            "dlcappid": "2648490",
            "manifests": {
                "public": {
                    "gid": "7235732663167257742",
                    "size": "890830",
                    "download": "902832"
                }
            },
            "decryptionkey": "8d7ba798b0c2b8e4086e93136e3ed62fbc621a30c496d05252ef87c7e8d751d0"
        },
        "branches": {
            "public": {
                "buildid": "19150820",
                "timeupdated": "1752014715"
            }
        },
        "privatebranches": "1"
    }
}