{
    "appid": 1229490,
    "name": "ULTRAKILL",
    "type": "Game",
    "schinese_name": "疯狂连杀",
    "isfreeapp": 0,
    "update_time": "2025-07-22 18:18:26",
    "change_number": 30191008,
    "depot": {
        "1229491": {
            "manifests": {
                "public": {
                    "gid": "6093621263526928435",
                    "size": "2780996809",
                    "download": "2086731552"
                }
            },
            "decryptionkey": "347634f48592b176da96c10b8afe6898527aa5c218d89930f9d6e5b6d5e7c8ba"
        },
        "workshopdepot": "1229490",
        "branches": {
            "public": {
                "buildid": "17867434",
                "timeupdated": "1743002722"
            }
        },
        "privatebranches": "1",
        "workshopdepotdecryptionkey": ""
    }
}