{
    "appid": "627270",
    "type": "Game",
    "name": "Injustice™ 2",
    "schinese_name": "不义联盟2",
    "isfreeapp": "0",
    "change_number": "28975867",
    "update_time": "2025-05-14 22:40:01",
    "depot": {
        "baselanguages": "english,german,french,italian,spanish,schinese,russian,polish,brazilian,latam",
        "228986": {
            "config": {
                "oslist": "windows"
            },
            "depotfromapp": "228980",
            "sharedinstall": "1"
        },
        "228990": {
            "config": {
                "oslist": "windows"
            },
            "depotfromapp": "228980",
            "sharedinstall": "1"
        },
        "627271": {
            "manifests": {
                "public": {
                    "gid": "1071315368466810106",
                    "size": "47707339063",
                    "download": "45103014944"
                }
            },
            "decryptionkey": "7fa0ea96f7de44df35ea69af2de65094bb167d849e116d01707e30bb8739fb5b"
        },
        "721270": {
            "dlcappid": "721270"
        },
        "721260": {
            "dlcappid": "721260"
        },
        "721280": {
            "dlcappid": "721280"
        },
        "721290": {
            "dlcappid": "721290"
        },
        "727990": {
            "dlcappid": "727990"
        },
        "727980": {
            "dlcappid": "727980"
        },
        "hasdepotsindlc": "0",
        "branches": {
            "public": {
                "buildid": "7433017",
                "timeupdated": "1636031209"
            }
        },
        "privatebranches": "1"
    }
}