{
    "appid": 244210,
    "name": "Assetto Corsa",
    "type": "Game",
    "schinese_name": "神力科莎 Assetto Corsa",
    "isfreeapp": 0,
    "update_time": "2025-07-10 17:44:53",
    "change_number": 29992752,
    "depot": {
        "overridescddb": "1",
        "markdlcdepots": "1",
        "workshopdepot": "244210",
        "228983": {
            "config": {
                "oslist": "windows"
            },
            "depotfromapp": "228980",
            "sharedinstall": "1"
        },
        "228984": {
            "config": {
                "oslist": "windows"
            },
            "depotfromapp": "228980",
            "sharedinstall": "1"
        },
        "228985": {
            "config": {
                "oslist": "windows"
            },
            "depotfromapp": "228980",
            "sharedinstall": "1"
        },
        "228990": {
            "config": {
                "oslist": "windows"
            },
            "depotfromapp": "228980",
            "sharedinstall": "1"
        },
        "229006": {
            "config": {
                "oslist": "windows"
            },
            "depotfromapp": "228980",
            "sharedinstall": "1"
        },
        "244211": {
            "systemdefined": "1",
            "config": {
                "language": "english",
                "oslist": "windows"
            },
            "manifests": {
                "public": {
                    "gid": "4950336537810395690",
                    "size": "27514993499",
                    "download": "9052119216"
                }
            },
            "decryptionkey": "7cbd509f5c33d07d80375e94bb55d9951e1bea4861f99c10421e1e37d9c6e6a7"
        },
        "347990": {
            "config": {
                "oslist": "windows"
            },
            "dlcappid": "347990",
            "manifests": {
                "public": {
                    "gid": "6791848099595238056",
                    "size": "2822674518",
                    "download": "838886448"
                }
            },
            "decryptionkey": "789cc0104f4b59d55b96c7a310101e6c4766036645244af72bbda39ae7ad03aa"
        },
        "404430": {
            "config": {
                "oslist": "windows"
            },
            "dlcappid": "404430",
            "manifests": {
                "public": {
                    "gid": "3305068408340865881",
                    "size": "1700478184",
                    "download": "525724208"
                }
            },
            "decryptionkey": "23de34042efaf92152ae28c16315c8ca57ec21f59069a50ed08ee7c161a07ccb"
        },
        "423630": {
            "config": {
                "oslist": "windows"
            },
            "dlcappid": "423630",
            "manifests": {
                "public": {
                    "gid": "143182663462094843",
                    "size": "1963485806",
                    "download": "587549072"
                }
            },
            "decryptionkey": "e103fe276e451f80152f996b0609a23fa4b816cfba6ce09afd352ba595d58a87"
        },
        "467980": {
            "dlcappid": "467980",
            "manifests": {
                "public": {
                    "gid": "1919441460742340991",
                    "size": "1503901576",
                    "download": "379986144"
                }
            },
            "decryptionkey": "8e4d401e0d78fceea18c3a6e3da94f91cfc1ea9620b93bfe1e7cd93fa83bcae7"
        },
        "493190": {
            "dlcappid": "493190",
            "manifests": {
                "public": {
                    "gid": "6702276192559020176",
                    "size": "1729205493",
                    "download": "588114992"
                }
            },
            "decryptionkey": "7fce09bb241009bdbfd30240ca2d73d3f8d50c85236266e8a64dac9b187a981c"
        },
        "509350": {
            "config": {
                "oslist": "windows"
            },
            "dlcappid": "509350",
            "manifests": {
                "public": {
                    "gid": "5232019972713022175",
                    "size": "1441985575",
                    "download": "199894560"
                }
            },
            "decryptionkey": "304503a53fcb2b4a404d501ab0f4b44e83590876df21979e5308c07935da2761"
        },
        "526060": {
            "config": {
                "oslist": "windows"
            },
            "dlcappid": "526060",
            "manifests": {
                "public": {
                    "gid": "1609580688491246185",
                    "size": "1186303335",
                    "download": "367123920"
                }
            },
            "decryptionkey": "5cdea49412168d3835761d2454bf97a87d7261c6f6058e0095edab66d9a41461"
        },
        "540710": {
            "config": {
                "oslist": "windows"
            },
            "dlcappid": "540710",
            "manifests": {
                "public": {
                    "gid": "7212972613834439529",
                    "size": "1102607557",
                    "download": "355679552"
                }
            },
            "decryptionkey": "9c7da758ba906a41a39245cd6dcc6f69547231a9d6fb1973b39313afe5354fd4"
        },
        "540711": {
            "dlcappid": "540711",
            "manifests": {
                "public": {
                    "gid": "5205419179365407728",
                    "size": "1197023840",
                    "download": "372768240"
                }
            },
            "decryptionkey": "6f2fac093cc2cf5e1d1ab99c1c1a766422f97502d689a93cf51076c8aa8d0cf2"
        },
        "619680": {
            "dlcappid": "619680",
            "manifests": {
                "public": {
                    "gid": "5396831645102266732",
                    "size": "1618620198",
                    "download": "485450192"
                }
            },
            "decryptionkey": "78bda0cdc6e6a57c2a9e2b081db27d0ce9f34bd02196d2b996d17593f77bd124"
        },
        "675590": {
            "dlcappid": "675590",
            "manifests": {
                "public": {
                    "gid": "4281175229020665840",
                    "size": "1171644294",
                    "download": "389240240"
                }
            },
            "decryptionkey": "962fcf3fd904ee05f71944f3b51692c67799b42d94a81ea6cfc368ea60889f12"
        },
        "1387540": {
            "dlcappid": "1387540",
            "manifests": {
                "public": {
                    "gid": "9131952850290736705",
                    "size": "2280318776",
                    "download": "196499072"
                }
            },
            "decryptionkey": "e9c1b30b9c55940e7a331ec99a84c63c1594420060295bdee11f86c5bd15eb85"
        },
        "1552200": {
            "dlcappid": "1552200",
            "manifests": {
                "public": {
                    "gid": "8950059475089434747",
                    "size": "9",
                    "download": "64"
                }
            },
            "decryptionkey": ""
        },
        "branches": {
            "public": {
                "buildid": "14923034",
                "timeupdated": "1720037772"
            }
        },
        "privatebranches": "1",
        "workshopdepotdecryptionkey": "f23245bf2e189422f4977c167c5b7f0d5ecccbc7a595e398f8936329d080ff12"
    }
}