{
    "appid": 2680010,
    "name": "The First Berserker: Khazan",
    "type": "Game",
    "schinese_name": "第一狂战士：卡赞",
    "isfreeapp": 0,
    "update_time": "2025-06-20 05:14:12",
    "change_number": 29649952,
    "depot": {
        "228989": {
            "config": {
                "oslist": "windows"
            },
            "depotfromapp": "228980",
            "sharedinstall": "1"
        },
        "228990": {
            "config": {
                "oslist": "windows"
            },
            "depotfromapp": "228980",
            "sharedinstall": "1"
        },
        "2680011": {
            "manifests": {
                "public": {
                    "gid": "5189105021862658616",
                    "size": "54087634852",
                    "download": "23013262512"
                }
            },
            "decryptionkey": "fe9a3ee6a263260b75cf97d27ffc4eeda8c9eebc8019bdc57c247a546f450077"
        },
        "branches": {
            "public": {
                "buildid": "18893804",
                "timeupdated": "1750152672"
            }
        },
        "privatebranches": "1"
    }
}