{
    "appid": 1593500,
    "name": "God of War",
    "type": "Game",
    "schinese_name": "战神4",
    "isfreeapp": 0,
    "update_time": "2025-07-13 09:12:31",
    "change_number": 30033972,
    "depot": {
        "baselanguages": "english,german,french,italian,koreana,spanish,schinese,tchinese,russian,japanese,portuguese,polish,danish,dutch,finnish,norwegian,swedish,hungarian,czech,romanian,turkish,brazilian,bulgarian,greek,latam",
        "228988": {
            "config": {
                "oslist": "windows"
            },
            "depotfromapp": "228980",
            "sharedinstall": "1"
        },
        "1593501": {
            "manifests": {
                "public": {
                    "gid": "2535153423663269664",
                    "size": "68973454991",
                    "download": "37134232112"
                }
            },
            "decryptionkey": "77f7390a115063bccc41240f71e0bf27d42c6a7c0424657756fe3f99f26a287a"
        },
        "branches": {
            "public": {
                "buildid": "11168363",
                "timeupdated": "1684775718"
            }
        },
        "privatebranches": "1"
    }
}