{
    "appid": "1979460",
    "type": "Game",
    "name": "Sinister Night",
    "schinese_name": "不祥之夜",
    "isfreeapp": "0",
    "change_number": "28995214",
    "update_time": "2025-05-15 13:10:05",
    "depot": {
        "228988": {
            "config": {
                "oslist": "windows"
            },
            "depotfromapp": "228980",
            "sharedinstall": "1"
        },
        "228990": {
            "config": {
                "oslist": "windows"
            },
            "depotfromapp": "228980",
            "sharedinstall": "1"
        },
        "1979461": {
            "manifests": {
                "public": {
                    "gid": "7407837173474290596",
                    "size": "8574581204",
                    "download": "6509859024"
                }
            },
            "decryptionkey": "c874f50c5fc658f3abd95df328c6f000b1c507d9538205a09a3cfc89cd82368f"
        },
        "branches": {
            "public": {
                "buildid": "12079458",
                "timeupdated": "1693490919"
            }
        },
        "privatebranches": "1"
    }
}