{
    "appid": 20900,
    "name": "The Witcher: Enhanced Edition",
    "type": "Game",
    "schinese_name": "巫师加强版（导演剪辑）",
    "isfreeapp": 0,
    "update_time": "2025-06-06 16:59:28",
    "change_number": 29414094,
    "depot": {
        "overridescddb": "1",
        "baselanguages": "english,french,german,spanish,italian,russian,polish,czech,hungarian,tchinese",
        "20903": {
            "config": {
                "oslist": "macos"
            },
            "manifests": {
                "public": {
                    "gid": "5511715626304589445",
                    "size": "13906199266",
                    "download": "13613306737"
                }
            },
            "decryptionkey": "9b71d294063b93c811aaefb5e5fb00064525aa79e0d7380892e4f34a5e3efb4e"
        },
        "20901": {
            "systemdefined": "1",
            "config": {
                "oslist": "windows"
            },
            "manifests": {
                "public": {
                    "gid": "8428448618762971564",
                    "size": "15317947834",
                    "download": "0"
                }
            },
            "decryptionkey": "7d49abe8382d62d650257322037f65f9be5bce659821cc4ec4bddbd1f2fcd274"
        },
        "20902": {
            "optional": "1",
            "systemdefined": "1",
            "config": {
                "oslist": "windows"
            },
            "manifests": {
                "public": {
                    "gid": "8624046092271445364",
                    "size": "271382678",
                    "download": "0"
                }
            },
            "dlcappid": "20902",
            "decryptionkey": "2216d9d965164b211e80b35ca56d0e81918c54d2f2f2923d84a07806aa108d5f"
        },
        "20913": {
            "config": {
                "oslist": "macos"
            },
            "systemdefined": "1",
            "manifests": {
                "public": {
                    "gid": "239666657320591226",
                    "size": "895873219",
                    "download": "436801584"
                }
            },
            "decryptionkey": "07627110cba972ba6a48f48717df47bf6d9a40529537d9829b45a6452bffd538"
        },
        "20904": {
            "config": {
                "language": "french"
            },
            "manifests": {
                "public": {
                    "gid": "7575838134038214131",
                    "size": "1339227266",
                    "download": "0"
                }
            },
            "decryptionkey": "022d3e8331e89e109eb940dc8a257b362ed02502dd6b97314ff39f0c3eb73378"
        },
        "20905": {
            "config": {
                "language": "english"
            },
            "manifests": {
                "public": {
                    "gid": "1239865348526158074",
                    "size": "1288871378",
                    "download": "0"
                }
            },
            "decryptionkey": "25b0ebf44bd3f37b6c07e498d93529ee051b8628611b41c5b5a08d85fe011c14"
        },
        "20906": {
            "config": {
                "language": "german"
            },
            "manifests": {
                "public": {
                    "gid": "6634447591030099264",
                    "size": "1323221613",
                    "download": "0"
                }
            },
            "decryptionkey": "e72fed5ec10620c411de9184e52a906fbab8b3ae6aff49f4429b94f7dc91ec72"
        },
        "20907": {
            "config": {
                "language": "italian"
            },
            "manifests": {
                "public": {
                    "gid": "4101310451162182760",
                    "size": "1300623934",
                    "download": "0"
                }
            },
            "decryptionkey": "d6c8b8dcfb60d9410ef4c0559b4ac54ef219262fbcc5e654757a3ea05142cc6a"
        },
        "20908": {
            "config": {
                "language": "polish"
            },
            "manifests": {
                "public": {
                    "gid": "5365119562542516736",
                    "size": "1317104540",
                    "download": "0"
                }
            },
            "decryptionkey": "7674d1cfd2cf98957b5eda5bcf522483974b6fedaac43cf5394a3f82b7d51e75"
        },
        "20909": {
            "config": {
                "language": "russian"
            },
            "manifests": {
                "public": {
                    "gid": "9177085296206191725",
                    "size": "1297685894",
                    "download": "0"
                }
            },
            "decryptionkey": "e412c8d70c7b578fabb00eb6f999dcd8d7ae6dcd1f13e2439d9a4f036104f436"
        },
        "20911": {
            "config": {
                "language": "czech"
            },
            "manifests": {
                "public": {
                    "gid": "4705144054070210001",
                    "size": "1248937571",
                    "download": "0"
                }
            },
            "decryptionkey": "2d9953d35d89bcf88258fab25a653523705d4ce31d6cf11108ea9f1bfa876dc4"
        },
        "20912": {
            "config": {
                "language": "hungarian"
            },
            "manifests": {
                "public": {
                    "gid": "6777832894182196767",
                    "size": "1321453066",
                    "download": "0"
                }
            },
            "decryptionkey": "cfb392c61e8788913ab140768f0a6ac3324cecea1f247594beddc52ac650da14"
        },
        "20910": {
            "manifests": {
                "public": {
                    "gid": "8647435729719117490",
                    "size": "202445822",
                    "download": "0"
                }
            },
            "decryptionkey": "33442bb73147048b46038b3e4cdbc477d8323c12a80f5036f01a71e316144745"
        },
        "branches": {
            "public": {
                "buildid": "13143960",
                "timeupdated": "1709033570"
            }
        },
        "privatebranches": "1"
    }
}