{
    "appid": 292030,
    "name": "The Witcher 3: Wild Hunt",
    "type": "Game",
    "schinese_name": "巫师 3：狂猎",
    "isfreeapp": 0,
    "update_time": "2025-07-23 06:36:51",
    "change_number": 30199996,
    "depot": {
        "overridescddb": "1",
        "baselanguages": "english,german,french,italian,koreana,spanish,tchinese,russian,japanese,polish,hungarian,czech,arabic,brazilian",
        "workshopdepot": "292030",
        "228984": {
            "config": {
                "oslist": "windows"
            },
            "depotfromapp": "228980",
            "sharedinstall": "1"
        },
        "228985": {
            "config": {
                "oslist": "windows"
            },
            "depotfromapp": "228980",
            "sharedinstall": "1"
        },
        "228988": {
            "config": {
                "oslist": "windows"
            },
            "depotfromapp": "228980",
            "sharedinstall": "1"
        },
        "228990": {
            "config": {
                "oslist": "windows"
            },
            "depotfromapp": "228980",
            "sharedinstall": "1"
        },
        "292031": {
            "systemdefined": "1",
            "manifests": {
                "public": {
                    "gid": "1714062795524118335",
                    "size": "38795164504",
                    "download": "34642186960"
                },
                "classic": {
                    "gid": "1383808000755504545",
                    "size": "32673153670",
                    "download": "27629929536"
                },
                "workshop_test": {
                    "gid": "7524807930142120913",
                    "size": "38795303272",
                    "download": "34642643456"
                }
            },
            "decryptionkey": "57538aae18fccf308ea67da213c57b2635d53d14b59ade4ebb068dca33328eee"
        },
        "292032": {
            "config": {
                "oslist": "windows",
                "osarch": "64"
            },
            "manifests": {
                "public": {
                    "gid": "3490723872095446153",
                    "size": "367553355",
                    "download": "95563856"
                },
                "classic": {
                    "gid": "4005678493423036387",
                    "size": "57960553",
                    "download": "12830464"
                },
                "workshop_test": {
                    "gid": "2797187767871953118",
                    "size": "367510595",
                    "download": "95550000"
                }
            },
            "decryptionkey": "f6f8cb024f592fa85a1e86523011ed889893386f235624a5a76e12428be6fbac"
        },
        "292034": {
            "manifests": {
                "public": {
                    "gid": "8082988454426507412",
                    "size": "60211486",
                    "download": "9245568"
                },
                "classic": {
                    "gid": "8408545504167686271",
                    "size": "32382973",
                    "download": "4669808"
                },
                "workshop_test": {
                    "gid": "2286225717767467236",
                    "size": "60211486",
                    "download": "9237840"
                }
            },
            "decryptionkey": "876688c365d3ed8b11a0c1454d8e64234a22dde3e7798ca8e2aa70d55ad5082b"
        },
        "292035": {
            "config": {
                "language": "polish"
            },
            "manifests": {
                "public": {
                    "gid": "5593726038514618994",
                    "size": "2649810401",
                    "download": "2441660608"
                },
                "classic": {
                    "gid": "4571338791099885182",
                    "size": "3089070341",
                    "download": "2577263744"
                },
                "workshop_test": {
                    "gid": "4998169506631475552",
                    "size": "2649810401",
                    "download": "2441655872"
                }
            },
            "decryptionkey": "a29f657f2ef95293a55076c120ac3814e8145c1253455c6eb162bf8f03aeb705"
        },
        "292036": {
            "manifests": {
                "public": {
                    "gid": "3491360665020245284",
                    "size": "2715240344",
                    "download": "2497801216"
                },
                "classic": {
                    "gid": "3165406379888910705",
                    "size": "3119149520",
                    "download": "2607507312"
                },
                "workshop_test": {
                    "gid": "8525618801314546579",
                    "size": "2715240344",
                    "download": "2497802176"
                }
            },
            "decryptionkey": "a382ab2faaacad1573c079e6ce74400decd37e6e1a388d67ca242a3aa7af8e0c"
        },
        "292037": {
            "config": {
                "language": "german"
            },
            "manifests": {
                "public": {
                    "gid": "3817923221097690740",
                    "size": "2767688055",
                    "download": "2560085360"
                },
                "classic": {
                    "gid": "3322641198392619953",
                    "size": "3227422696",
                    "download": "2726316336"
                },
                "workshop_test": {
                    "gid": "3398799893661368344",
                    "size": "2767688055",
                    "download": "2560086464"
                }
            },
            "decryptionkey": "9d4d27d17de980de7a96d2a810f649f2195deeb47ac6aae8f31ca09e17543581"
        },
        "292038": {
            "config": {
                "language": "french"
            },
            "manifests": {
                "public": {
                    "gid": "1227805940310364169",
                    "size": "2619989931",
                    "download": "2413199680"
                },
                "classic": {
                    "gid": "421042358751787059",
                    "size": "3109841284",
                    "download": "2609370256"
                },
                "workshop_test": {
                    "gid": "3328540670276162871",
                    "size": "2619989931",
                    "download": "2413200672"
                }
            },
            "decryptionkey": "1b451418b38bac4816cbb838bc7fe6e9273a6228f4498e86c4ed54a0ab9a1156"
        },
        "292039": {
            "config": {
                "language": "russian"
            },
            "manifests": {
                "public": {
                    "gid": "5480433155299939110",
                    "size": "2885663640",
                    "download": "2658626912"
                },
                "classic": {
                    "gid": "6979253993751658554",
                    "size": "3715079818",
                    "download": "3131757792"
                },
                "workshop_test": {
                    "gid": "1873793399618501044",
                    "size": "2885663640",
                    "download": "2658633616"
                }
            },
            "decryptionkey": "2625b539cdd037cdf02cc7a414ce0d12fa3f1266653e97303319ec472c7875fe"
        },
        "292040": {
            "config": {
                "language": "japanese"
            },
            "manifests": {
                "public": {
                    "gid": "8125275595906123923",
                    "size": "2821809559",
                    "download": "2597443040"
                },
                "classic": {
                    "gid": "3029122441397057861",
                    "size": "3167011291",
                    "download": "2648962816"
                },
                "workshop_test": {
                    "gid": "7670364956211626930",
                    "size": "2821809559",
                    "download": "2597442128"
                }
            },
            "decryptionkey": "ce852c61d460e3e716ca8e755d1e1485bb467944f96c8b0509fae32f9b2a6392"
        },
        "292041": {
            "config": {
                "language": "brazilian"
            },
            "manifests": {
                "public": {
                    "gid": "4823902935523134760",
                    "size": "2733063464",
                    "download": "2520803104"
                },
                "classic": {
                    "gid": "5992426442998085149",
                    "size": "3107559912",
                    "download": "2600379360"
                },
                "workshop_test": {
                    "gid": "9199168913675522560",
                    "size": "2733063464",
                    "download": "2520808288"
                }
            },
            "decryptionkey": "7dbc791cd60110b1d08e49d871b15d2356ce70224ca7d950b3ea36617cfbe8bb"
        },
        "292042": {
            "config": {
                "oslist": "windows",
                "osarch": "64"
            },
            "manifests": {
                "public": {
                    "gid": "99458089550221039",
                    "size": "176847360",
                    "download": "29282448"
                },
                "classic": {
                    "gid": "5386546338585218525",
                    "size": "47736832",
                    "download": "12986656"
                },
                "workshop_test": {
                    "gid": "4237622710627441162",
                    "size": "176814592",
                    "download": "29291984"
                }
            },
            "decryptionkey": "47e959135bc89e032628b3ed3a21c3cd18719d5e111c8489f131d0b166422995"
        },
        "370000": {
            "dlcappid": "370000",
            "manifests": {
                "public": {
                    "gid": "1458194560961361295",
                    "size": "64389156",
                    "download": "64712912"
                },
                "classic": {
                    "gid": "6754592371078633094",
                    "size": "20170975",
                    "download": "19924528"
                },
                "workshop_test": {
                    "gid": "2633275271006145325",
                    "size": "64389156",
                    "download": "64713312"
                }
            },
            "decryptionkey": "cc779551805a59df011c692726377ef65f9505362d482c96df5387856f3ea584"
        },
        "370001": {
            "dlcappid": "370001",
            "manifests": {
                "public": {
                    "gid": "5979725543926398369",
                    "size": "19244721",
                    "download": "17805328"
                },
                "classic": {
                    "gid": "2123820691647700796",
                    "size": "18063691",
                    "download": "14901440"
                },
                "workshop_test": {
                    "gid": "2567966309172350507",
                    "size": "19244817",
                    "download": "17807872"
                }
            },
            "decryptionkey": "62f05882d6c750c73e7dbb09c38b4107aa9791f63bc847800ce8b8cb90aa0231"
        },
        "370003": {
            "dlcappid": "370003",
            "manifests": {
                "public": {
                    "gid": "5453197123234356101",
                    "size": "33423809",
                    "download": "30763984"
                },
                "classic": {
                    "gid": "3783277845123100762",
                    "size": "29342684",
                    "download": "24809808"
                },
                "workshop_test": {
                    "gid": "6731918067662400611",
                    "size": "33423825",
                    "download": "30764256"
                }
            },
            "decryptionkey": "26138bf02e93588cd63346a8f3bb943ab5080c7bb71e1f7b4058afd57bb90f23"
        },
        "370002": {
            "dlcappid": "370002",
            "manifests": {
                "public": {
                    "gid": "484236434286524845",
                    "size": "17306453",
                    "download": "17246080"
                },
                "classic": {
                    "gid": "1183907436675245007",
                    "size": "17503401",
                    "download": "17327344"
                },
                "workshop_test": {
                    "gid": "7881323052094697898",
                    "size": "17306469",
                    "download": "17246064"
                }
            },
            "decryptionkey": "a66d950990c695f3297c531ceaffcf6ac5ff949761132dd280943e8dcebeb8f8"
        },
        "292033": {
            "manifests": {
                "public": {
                    "gid": "5639169236463762487",
                    "size": "4439952978",
                    "download": "3724906608"
                },
                "classic": {
                    "gid": "5639169236463762487",
                    "size": "4439952978",
                    "download": "3724906608"
                },
                "workshop_test": {
                    "gid": "5639169236463762487",
                    "size": "4439952978",
                    "download": "3724906608"
                }
            },
            "decryptionkey": "11b857e28f6db3a43762d6756bfb09d701c922ec27ea12cbb8bad1104a184466"
        },
        "373950": {
            "dlcappid": "373950",
            "manifests": {
                "public": {
                    "gid": "7457326912183925734",
                    "size": "62676877",
                    "download": "62724336"
                },
                "classic": {
                    "gid": "8036482907570547641",
                    "size": "29338107",
                    "download": "29074512"
                },
                "workshop_test": {
                    "gid": "4354856846135836118",
                    "size": "62676877",
                    "download": "62724496"
                }
            },
            "decryptionkey": "5c927c7af29a8d017b12cfd585b32987a0934ef7c4a6bc15564ea70846d0df83"
        },
        "373951": {
            "dlcappid": "373951",
            "manifests": {
                "public": {
                    "gid": "1015260686331095979",
                    "size": "5832244",
                    "download": "5817888"
                },
                "classic": {
                    "gid": "7393197967227681390",
                    "size": "5891976",
                    "download": "5832544"
                },
                "workshop_test": {
                    "gid": "2862437555037209960",
                    "size": "5832244",
                    "download": "5817840"
                }
            },
            "decryptionkey": "d94415a879eb6f7eb0bd2c382900fc1cc57afd85f4e7a7a3f91d17b184bc8d7a"
        },
        "376390": {
            "dlcappid": "376390",
            "manifests": {
                "public": {
                    "gid": "4380995726432289642",
                    "size": "101830135",
                    "download": "92192704"
                },
                "classic": {
                    "gid": "5457357262637939850",
                    "size": "93550302",
                    "download": "75161744"
                },
                "workshop_test": {
                    "gid": "3261769056469968162",
                    "size": "101830247",
                    "download": "92190640"
                }
            },
            "decryptionkey": "35ac02e7fb00857f601c8b9a9c3fad17932cf2c7a301a2d0fedef61c350c911c"
        },
        "376391": {
            "dlcappid": "376391",
            "manifests": {
                "public": {
                    "gid": "6437141662912268782",
                    "size": "931216",
                    "download": "905408"
                },
                "classic": {
                    "gid": "1174721699882428209",
                    "size": "3933130",
                    "download": "3907312"
                },
                "workshop_test": {
                    "gid": "780688875158576519",
                    "size": "931216",
                    "download": "905408"
                }
            },
            "decryptionkey": "a691c6929ba1ae81132b4baf31fd81cb87158c03e926d3310acf71d5a1286009"
        },
        "378642": {
            "dlcappid": "378642",
            "manifests": {
                "public": {
                    "gid": "2210049775439183344",
                    "size": "148793864",
                    "download": "138835984"
                },
                "classic": {
                    "gid": "6120398453205415979",
                    "size": "128365706",
                    "download": "111036656"
                },
                "workshop_test": {
                    "gid": "5214499430892300362",
                    "size": "148793912",
                    "download": "138833712"
                }
            },
            "decryptionkey": "8e82aa6c124304e5aafaf6319eb9cd5b84df9c2fd74f257f7936b58b7fa4a93e"
        },
        "378640": {
            "dlcappid": "378640",
            "manifests": {
                "public": {
                    "gid": "5318422306227358494",
                    "size": "192475233",
                    "download": "192381040"
                },
                "classic": {
                    "gid": "4194278256410465007",
                    "size": "54702226",
                    "download": "52923840"
                },
                "workshop_test": {
                    "gid": "5111392784420404132",
                    "size": "192475265",
                    "download": "192375536"
                }
            },
            "decryptionkey": "13ddf115043ce87ceb0e52ec64938c102a665a483d48414db54425e52617cf35"
        },
        "378641": {
            "dlcappid": "378641",
            "manifests": {
                "public": {
                    "gid": "4647447917504831785",
                    "size": "12261078",
                    "download": "12234400"
                },
                "classic": {
                    "gid": "7947357952624525520",
                    "size": "12483501",
                    "download": "12345520"
                },
                "workshop_test": {
                    "gid": "8600490354368386887",
                    "size": "12261078",
                    "download": "12234512"
                }
            },
            "decryptionkey": "2a06dfffcdc645e88483b274bab505803dea0a498dcf0874efcca8d633b52c9d"
        },
        "378643": {
            "dlcappid": "378643",
            "manifests": {
                "public": {
                    "gid": "459508221271235268",
                    "size": "64906002",
                    "download": "65087008"
                },
                "classic": {
                    "gid": "8757198111691945682",
                    "size": "34911420",
                    "download": "34674432"
                },
                "workshop_test": {
                    "gid": "1438890024028489393",
                    "size": "64906002",
                    "download": "65086800"
                }
            },
            "decryptionkey": "7165cd00ca2393e84e109e5f36ce0442707be4d472d573f9eecbea30c361f8de"
        },
        "378644": {
            "dlcappid": "378644",
            "manifests": {
                "public": {
                    "gid": "2928442289493234239",
                    "size": "63093545",
                    "download": "62617776"
                },
                "classic": {
                    "gid": "3953608334983921864",
                    "size": "23693657",
                    "download": "22555104"
                },
                "workshop_test": {
                    "gid": "4269230182021219344",
                    "size": "63093577",
                    "download": "62617792"
                }
            },
            "decryptionkey": "6f6e38d2efd42182a86e14afa5a2bf6f39c93e52fc173651a50e741c23379e15"
        },
        "378645": {
            "dlcappid": "378645",
            "manifests": {
                "public": {
                    "gid": "6056630807565191690",
                    "size": "153418702",
                    "download": "142404768"
                },
                "classic": {
                    "gid": "7330699567953797536",
                    "size": "138671017",
                    "download": "119620160"
                },
                "workshop_test": {
                    "gid": "2765444111628749310",
                    "size": "153418750",
                    "download": "142403344"
                }
            },
            "decryptionkey": "b7f1a0a26896dd7f0f9d29334b5439afd695df215ca63bfb2f118a203dc63130"
        },
        "378646": {
            "dlcappid": "378646",
            "manifests": {
                "public": {
                    "gid": "7313260968752741219",
                    "size": "1630016",
                    "download": "1596176"
                },
                "classic": {
                    "gid": "485010395064154329",
                    "size": "1732415",
                    "download": "1601600"
                },
                "workshop_test": {
                    "gid": "4576684847315828962",
                    "size": "1630032",
                    "download": "1596384"
                }
            },
            "decryptionkey": "7321f1ae7091f395e6f0854c10db5159d777bdc2697b9e6bd1f9ea74e218210a"
        },
        "378647": {
            "dlcappid": "378647",
            "manifests": {
                "public": {
                    "gid": "6347498022277232982",
                    "size": "13516",
                    "download": "7472"
                },
                "classic": {
                    "gid": "6374504264360744096",
                    "size": "24508",
                    "download": "7072"
                },
                "workshop_test": {
                    "gid": "9185622123981259570",
                    "size": "13516",
                    "download": "7472"
                }
            },
            "decryptionkey": "98e972b141076c8a6d72a292915cd5ef1d30eb73983070d8aa3f0aa77858f52a"
        },
        "378648": {
            "dlcappid": "378648",
            "manifests": {
                "public": {
                    "gid": "5677496677655330654",
                    "size": "9158782436",
                    "download": "8847144064"
                },
                "classic": {
                    "gid": "7446068858845329423",
                    "size": "8047652916",
                    "download": "7300135504"
                },
                "workshop_test": {
                    "gid": "8851446531430979229",
                    "size": "9159216468",
                    "download": "8847635776"
                }
            },
            "decryptionkey": "a3ef8bcc9af9edbd00aa55beadd796dfe0c980143c871b631291b05637113c1a"
        },
        "378649": {
            "dlcappid": "378649",
            "manifests": {
                "public": {
                    "gid": "9216322386755119484",
                    "size": "1787207628",
                    "download": "1743391952"
                },
                "classic": {
                    "gid": "711906333732248852",
                    "size": "1961202281",
                    "download": "1854295248"
                },
                "workshop_test": {
                    "gid": "8339341878312096083",
                    "size": "1787209180",
                    "download": "1743438336"
                }
            },
            "decryptionkey": "7c934ed4aa4f0e7a1a5ea204d411bebf48377f7b7e6fa0a114d011107d04684b"
        },
        "292043": {
            "dlcappid": "378649",
            "config": {
                "language": "polish"
            },
            "manifests": {
                "public": {
                    "gid": "2863314232165890237",
                    "size": "425466201",
                    "download": "394720240"
                },
                "classic": {
                    "gid": "3633414997031415505",
                    "size": "472011701",
                    "download": "402852000"
                },
                "workshop_test": {
                    "gid": "4373048864001766835",
                    "size": "425466201",
                    "download": "394720672"
                }
            },
            "decryptionkey": "eec6e98154b0e5cbc27742c27f9214034ac6ee649697ea9ecc087c7ec396f4ef"
        },
        "292044": {
            "dlcappid": "378649",
            "manifests": {
                "public": {
                    "gid": "908607634780300143",
                    "size": "401517780",
                    "download": "371060592"
                },
                "classic": {
                    "gid": "9112418031206090218",
                    "size": "445211586",
                    "download": "377404752"
                },
                "workshop_test": {
                    "gid": "7600958734384597360",
                    "size": "401517780",
                    "download": "371059568"
                }
            },
            "decryptionkey": "f4b1aac8fe1d8c3d1b9fd4ed0766acc4be49037251cda4092b148ffbcb3422a9"
        },
        "292045": {
            "dlcappid": "378649",
            "config": {
                "language": "german"
            },
            "manifests": {
                "public": {
                    "gid": "4620621685241046742",
                    "size": "412579844",
                    "download": "383524704"
                },
                "classic": {
                    "gid": "2743558810486804946",
                    "size": "468618549",
                    "download": "401714032"
                },
                "workshop_test": {
                    "gid": "2247081322166489158",
                    "size": "412579844",
                    "download": "383525472"
                }
            },
            "decryptionkey": "cbf6ed38ba7e79ed057715f18ea171ba7f7bed4a6728285d204113558db7ff4a"
        },
        "292046": {
            "dlcappid": "378649",
            "config": {
                "language": "french"
            },
            "manifests": {
                "public": {
                    "gid": "1699589270478816105",
                    "size": "398083512",
                    "download": "369120448"
                },
                "classic": {
                    "gid": "4180207809736196718",
                    "size": "459734396",
                    "download": "392716176"
                },
                "workshop_test": {
                    "gid": "4552157311439660158",
                    "size": "398083512",
                    "download": "369122336"
                }
            },
            "decryptionkey": "649d7f21dfad2ba0674aab102c196e6ac3c53780138773a693a06cabeece070e"
        },
        "292047": {
            "dlcappid": "378649",
            "config": {
                "language": "russian"
            },
            "manifests": {
                "public": {
                    "gid": "4188887637226014223",
                    "size": "412903504",
                    "download": "382080608"
                },
                "classic": {
                    "gid": "7522849745690624312",
                    "size": "463305538",
                    "download": "394411296"
                },
                "workshop_test": {
                    "gid": "268266578494549619",
                    "size": "412903504",
                    "download": "382078784"
                }
            },
            "decryptionkey": "47e36cc0c65f98ee521bada7a7418b7cd7f67e873fb012eec08276ff331994b3"
        },
        "292048": {
            "dlcappid": "378649",
            "config": {
                "language": "japanese"
            },
            "manifests": {
                "public": {
                    "gid": "5283427417482321933",
                    "size": "422183086",
                    "download": "390781072"
                },
                "classic": {
                    "gid": "1423128299792223659",
                    "size": "468858360",
                    "download": "397826976"
                },
                "workshop_test": {
                    "gid": "2420376002046224780",
                    "size": "422183086",
                    "download": "390778832"
                }
            },
            "decryptionkey": "c365f8a91132be9140d40aff760898195077139810cf6c0d1c1e7cf8845dbb02"
        },
        "292049": {
            "dlcappid": "378649",
            "config": {
                "language": "brazilian"
            },
            "manifests": {
                "public": {
                    "gid": "7686086885054708771",
                    "size": "411803756",
                    "download": "381909584"
                },
                "classic": {
                    "gid": "5200575748917019735",
                    "size": "454804406",
                    "download": "386686240"
                },
                "workshop_test": {
                    "gid": "6043678285391839190",
                    "size": "411803756",
                    "download": "381910432"
                }
            },
            "decryptionkey": "397dfb734f5a7b42a09b95f0c2d9cad324a1e34ddd9c0bc583c1bfb64c49dc85"
        },
        "310611": {
            "dlcappid": "378649",
            "manifests": {
                "public": {
                    "gid": "9087403118674428852",
                    "size": "262696726",
                    "download": "258006176"
                },
                "classic": {
                    "gid": "9087403118674428852",
                    "size": "262696726",
                    "download": "258006176"
                },
                "workshop_test": {
                    "gid": "9087403118674428852",
                    "size": "262696726",
                    "download": "258006176"
                }
            },
            "decryptionkey": "330dbf44f635b1b504b0bca11e0fc33fd8240e52f822083ef70cb65868c55b81"
        },
        "310612": {
            "dlcappid": "378648",
            "config": {
                "language": "polish"
            },
            "manifests": {
                "public": {
                    "gid": "5455214373061651405",
                    "size": "1126945645",
                    "download": "1043090592"
                },
                "classic": {
                    "gid": "6406497906802198023",
                    "size": "1261642774",
                    "download": "1076708944"
                },
                "workshop_test": {
                    "gid": "4656314044682499692",
                    "size": "1126945645",
                    "download": "1043090352"
                }
            },
            "decryptionkey": "2778da309fe302e77a1578645da0f2f5cb1096822dab53c7ba456e829961d86f"
        },
        "310613": {
            "dlcappid": "378648",
            "manifests": {
                "public": {
                    "gid": "2970969303001438150",
                    "size": "1061417259",
                    "download": "978842096"
                },
                "classic": {
                    "gid": "8061815007703797548",
                    "size": "1187928541",
                    "download": "1007651184"
                },
                "workshop_test": {
                    "gid": "1143219984417141119",
                    "size": "1061417259",
                    "download": "978843376"
                }
            },
            "decryptionkey": "e721336157973be351a375485bde985c8d5ad1821ef3d70f5072064c324309e8"
        },
        "310614": {
            "dlcappid": "378648",
            "config": {
                "language": "german"
            },
            "manifests": {
                "public": {
                    "gid": "1512711109507003050",
                    "size": "1065824219",
                    "download": "987831552"
                },
                "classic": {
                    "gid": "3333787101637043754",
                    "size": "1224622462",
                    "download": "1048233488"
                },
                "workshop_test": {
                    "gid": "1564865283519419900",
                    "size": "1065824219",
                    "download": "987831360"
                }
            },
            "decryptionkey": "41d483e998e4e5a4a256e08ea3cabde7c88cc81d0745015d064978b7f402ff07"
        },
        "310615": {
            "dlcappid": "378648",
            "config": {
                "language": "french"
            },
            "manifests": {
                "public": {
                    "gid": "8649692936145776844",
                    "size": "1068634963",
                    "download": "988453072"
                },
                "classic": {
                    "gid": "560379058514842960",
                    "size": "1230297799",
                    "download": "1051068656"
                },
                "workshop_test": {
                    "gid": "8122022030483683598",
                    "size": "1068634963",
                    "download": "988453376"
                }
            },
            "decryptionkey": "23336e7ee6b781dd4b9b9e2f071dde6bbc19a6dbb03908a24aa02915d680ecef"
        },
        "310616": {
            "dlcappid": "378648",
            "config": {
                "language": "russian"
            },
            "manifests": {
                "public": {
                    "gid": "81296909978179260",
                    "size": "1123992546",
                    "download": "1041681248"
                },
                "classic": {
                    "gid": "8777371994501152028",
                    "size": "1254094221",
                    "download": "1070768880"
                },
                "workshop_test": {
                    "gid": "5224275164679016747",
                    "size": "1123992546",
                    "download": "1041680880"
                }
            },
            "decryptionkey": "49c227a33232cda12a88a053437fede2921516814540d309cf237e9e8404bc2f"
        },
        "310617": {
            "dlcappid": "378648",
            "config": {
                "language": "japanese"
            },
            "manifests": {
                "public": {
                    "gid": "2115415390192780692",
                    "size": "1133887651",
                    "download": "1048750112"
                },
                "classic": {
                    "gid": "1329443871539001030",
                    "size": "1269439425",
                    "download": "1082232800"
                },
                "workshop_test": {
                    "gid": "789668943685762762",
                    "size": "1133887651",
                    "download": "1048740064"
                }
            },
            "decryptionkey": "bd584800dd1556df065305414c425d43efd38b45fc614e722bfe5decd8f97bff"
        },
        "310618": {
            "dlcappid": "378648",
            "config": {
                "language": "brazilian"
            },
            "manifests": {
                "public": {
                    "gid": "36196449033815259",
                    "size": "1071270623",
                    "download": "991929392"
                },
                "classic": {
                    "gid": "8568341997403052330",
                    "size": "1192379238",
                    "download": "1013239472"
                },
                "workshop_test": {
                    "gid": "1805019550500730330",
                    "size": "1071270623",
                    "download": "991929440"
                }
            },
            "decryptionkey": "20293d6cbcec4b428015a68110d3055b8f5909f1e669d999baadcc8eb24b12dd"
        },
        "310619": {
            "dlcappid": "378648",
            "manifests": {
                "public": {
                    "gid": "4855315366624356663",
                    "size": "654772037",
                    "download": "628167680"
                },
                "classic": {
                    "gid": "4855315366624356663",
                    "size": "654772037",
                    "download": "628167680"
                },
                "workshop_test": {
                    "gid": "4855315366624356663",
                    "size": "654772037",
                    "download": "628167680"
                }
            },
            "decryptionkey": "1a710d9b03d4e5bbb6e1e57c0f3f322e52d2740b11803e4f718653b114af83ec"
        },
        "355881": {},
        "355882": {
            "config": {
                "oslist": "windows",
                "osarch": "64"
            }
        },
        "355883": {},
        "355884": {
            "config": {
                "language": "polish"
            }
        },
        "355885": {},
        "355886": {
            "config": {
                "language": "german"
            }
        },
        "355887": {
            "config": {
                "language": "french"
            }
        },
        "355888": {
            "config": {
                "language": "russian"
            }
        },
        "355889": {
            "config": {
                "language": "japanese"
            }
        },
        "370004": {
            "config": {
                "language": "brazilian"
            }
        },
        "370005": {
            "config": {
                "oslist": "windows",
                "osarch": "64"
            }
        },
        "370006": {},
        "370007": {
            "config": {
                "language": "koreana"
            },
            "manifests": {
                "public": {
                    "gid": "6165918066648822292",
                    "size": "2759502865",
                    "download": "2532214704"
                },
                "workshop_test": {
                    "gid": "1545749720215191520",
                    "size": "2759502865",
                    "download": "2532216384"
                }
            },
            "decryptionkey": "e501823568fd98483bacffd2f32510ba9aabaf2d012ff8e9f8280eedfbd4986c"
        },
        "370008": {
            "config": {
                "language": "schinese"
            },
            "manifests": {
                "public": {
                    "gid": "3305949701387885154",
                    "size": "2859374189",
                    "download": "2600379664"
                },
                "workshop_test": {
                    "gid": "6140567797521474410",
                    "size": "2859374189",
                    "download": "2600379648"
                }
            },
            "decryptionkey": "dba9227ccbfd4748acec6b60fa6cc450ff9303df51c1d319c9c0ac8d87000798"
        },
        "370009": {
            "config": {
                "oslist": "windows",
                "osarch": "64"
            },
            "manifests": {
                "public": {
                    "gid": "3498696915194240584",
                    "size": "661463668",
                    "download": "653952688"
                },
                "workshop_test": {
                    "gid": "3632647953011026904",
                    "size": "661467692",
                    "download": "653937344"
                }
            },
            "decryptionkey": "2b8ebd860f519578e0269e5b20a1ce13d76652bd066501087b6c3c1f77f5efc8"
        },
        "373952": {
            "dlcappid": "378649",
            "config": {
                "language": "schinese"
            },
            "manifests": {
                "public": {
                    "gid": "7987515327562995934",
                    "size": "421245830",
                    "download": "385395312"
                },
                "workshop_test": {
                    "gid": "4493917703663114631",
                    "size": "421245830",
                    "download": "385392240"
                }
            },
            "decryptionkey": "31a69f76a7088a6cb382e0ad8c5866456df9bcc8df53bacc9f878eb16af59c02"
        },
        "373953": {
            "dlcappid": "378649",
            "config": {
                "language": "koreana"
            },
            "manifests": {
                "public": {
                    "gid": "2993703975089049690",
                    "size": "412240753",
                    "download": "380910144"
                },
                "workshop_test": {
                    "gid": "3526945751327760531",
                    "size": "412240753",
                    "download": "380910368"
                }
            },
            "decryptionkey": "2b8b7f1f6d49cea5915d446c63860d74f36b43b1958a8da09df550a545a9e5dd"
        },
        "373954": {
            "dlcappid": "378648",
            "config": {
                "language": "schinese"
            },
            "manifests": {
                "public": {
                    "gid": "9189601712632867387",
                    "size": "1105265034",
                    "download": "1010292736"
                },
                "workshop_test": {
                    "gid": "6746095301340548064",
                    "size": "1105265034",
                    "download": "1010293664"
                }
            },
            "decryptionkey": "32b895886f889ecad112d5bc901e501e5173ca081595b3adbf528bc111aac3c2"
        },
        "373955": {
            "dlcappid": "378648",
            "config": {
                "language": "koreana"
            },
            "manifests": {
                "public": {
                    "gid": "4126613168484560251",
                    "size": "1081305767",
                    "download": "997685696"
                },
                "workshop_test": {
                    "gid": "7851366357303918927",
                    "size": "1081305767",
                    "download": "997686304"
                }
            },
            "decryptionkey": "118abd22ef378fd5c62d2205668aa8fc4d713c3ce5c22c8e952695d5c79c0723"
        },
        "branches": {
            "public": {
                "buildid": "14504303",
                "timeupdated": "1717668030"
            },
            "classic": {
                "buildid": "3280809",
                "description": "Select this branch to play the classic release of The Witcher 3 (Patch 1.32).",
                "timeupdated": "1670930292"
            },
            "workshop_test": {
                "buildid": "14168681",
                "description": "Steam Workshop implementation test. Warning: make sure to back up your saves!",
                "timeupdated": "1714471258"
            }
        },
        "privatebranches": "1",
        "workshopdepotdecryptionkey": "9cee38a2013555e62de550c2d53e86dd747dd60d6ca81fda65ff7711d517e322"
    }
}