{
    "appid": 690830,
    "name": "Foundation",
    "type": "Game",
    "schinese_name": "基石",
    "isfreeapp": 0,
    "update_time": "2025-07-23 22:06:57",
    "change_number": 30214788,
    "depot": {
        "baselanguages": "english",
        "hasdepotsindlc": "0",
        "228988": {
            "config": {
                "oslist": "windows"
            },
            "depotfromapp": "228980",
            "sharedinstall": "1"
        },
        "690831": {
            "config": {
                "oslist": "windows"
            },
            "manifests": {
                "public": {
                    "gid": "8436991491819773886",
                    "size": "5784277719",
                    "download": "2746416128"
                },
                "early_access_1_9": {
                    "gid": "3117281361283584658",
                    "size": "4820896592",
                    "download": "1971061488"
                },
                "modding_preview": {
                    "gid": "1049424828613746284",
                    "size": "5782501569",
                    "download": "2748754832"
                },
                "previous_build": {
                    "gid": "8069443070975866247",
                    "size": "5781320722",
                    "download": "2747796624"
                }
            },
            "decryptionkey": "a0df1cd93c1681e0839c3d7a86e7de7b7af07d07b00cc495896697b1fda49961"
        },
        "3482250": {
            "dlcappid": "3482250",
            "config": {
                "oslist": "windows"
            },
            "manifests": {
                "public": {
                    "gid": "8199326432290963373",
                    "size": "21109576",
                    "download": "9952400"
                },
                "early_access_1_9": {
                    "gid": "3708928960155406497",
                    "size": "0",
                    "download": "0"
                },
                "modding_preview": {
                    "gid": "8199326432290963373",
                    "size": "21109576",
                    "download": "9952400"
                },
                "previous_build": {
                    "gid": "8199326432290963373",
                    "size": "21109576",
                    "download": "9952400"
                }
            },
            "decryptionkey": "c10e61648bc4b16350ebfac52a6d56f7282c1442a4f3c49e04bb9a7dd4693717"
        },
        "branches": {
            "public": {
                "buildid": "18738114",
                "timeupdated": "1749058650"
            },
            "early_access_1_9": {
                "buildid": "17199741",
                "description": "Early Access Last Build (1.9)",
                "timeupdated": "1738334008"
            },
            "modding_preview": {
                "buildid": "17641016",
                "description": "Modding Preview 1.0",
                "timeupdated": "1741381971"
            },
            "previous_build": {
                "buildid": "17490850",
                "description": "[Previous Build] If sometings goes wrong with the default build",
                "timeupdated": "1741888404"
            }
        },
        "privatebranches": "1"
    }
}