{
    "appid": "312610",
    "type": "Game",
    "name": "METAL SLUG X",
    "schinese_name": "合金弹头X",
    "isfreeapp": "0",
    "change_number": "28971668",
    "update_time": "2025-05-14 09:57:43",
    "depot": {
        "228983": {
            "config": {
                "oslist": "windows"
            },
            "depotfromapp": "228980",
            "sharedinstall": "1"
        },
        "228984": {
            "config": {
                "oslist": "windows"
            },
            "depotfromapp": "228980",
            "sharedinstall": "1"
        },
        "228990": {
            "config": {
                "oslist": "windows"
            },
            "depotfromapp": "228980",
            "sharedinstall": "1"
        },
        "312611": {
            "config": {
                "oslist": "windows"
            },
            "manifests": {
                "public": {
                    "gid": "3206672683359619399",
                    "size": "104375382",
                    "download": "169313390204"
                }
            },
            "decryptionkey": "7f1d0f535b6ae360297a32d8be65cde7b69860a123f019983d3b56e37933df8a"
        },
        "baselanguages": "english,french,koreana,spanish,schinese,japanese",
        "branches": {
            "public": {
                "buildid": "406720"
            }
        },
        "privatebranches": "1"
    }
}