{
    "appid": 599140,
    "name": "Graveyard Keeper",
    "type": "Game",
    "schinese_name": "守墓人",
    "isfreeapp": 0,
    "update_time": "2025-07-19 01:18:05",
    "change_number": 30141302,
    "depot": {
        "baselanguages": "english",
        "hasdepotsindlc": "1",
        "599141": {
            "config": {
                "oslist": "windows"
            },
            "manifests": {
                "public": {
                    "gid": "313840207046702013",
                    "size": "1757088984",
                    "download": "465474976"
                }
            },
            "decryptionkey": "68b3f80530eaafde932cbddddc3b1246f8683fc9afef320669c7a75ad54346ac"
        },
        "919051": {
            "dlcappid": "919051",
            "manifests": {
                "public": {
                    "gid": "4155613206917584963",
                    "size": "86283687",
                    "download": "84609968"
                }
            },
            "decryptionkey": "0996ef7d3f26b5f3026d53c97fc3cfc33ede2ad50a470e3bfcd8e2af65b6d01a"
        },
        "599142": {
            "config": {
                "oslist": "macos"
            },
            "manifests": {
                "public": {
                    "gid": "2121981257007182633",
                    "size": "1761765265",
                    "download": "467206208"
                }
            },
            "decryptionkey": "7cb7f8533bf578c1fd50fe061de8d7e6e45a6286de3598bf851c96ce1b3033c9"
        },
        "599143": {
            "config": {
                "oslist": "linux"
            },
            "manifests": {
                "public": {
                    "gid": "8794685739656643050",
                    "size": "1807149676",
                    "download": "468637696"
                }
            },
            "decryptionkey": "5627fae0ee797b854f790aa49d2adfcdc10d7baf78dc8daa88e0df381a359ede"
        },
        "1163770": {
            "dlcappid": "1163770"
        },
        "1163771": {
            "config": {
                "oslist": "windows"
            },
            "dlcappid": "1163770",
            "manifests": {
                "public": {
                    "gid": "2231067810691836648",
                    "size": "128",
                    "download": "176"
                }
            },
            "decryptionkey": "c7d4c97a14fa0f9634524973a0051d60142ed16fe6086072a3945c9d9bc44840"
        },
        "1163772": {
            "config": {
                "oslist": "macos"
            },
            "dlcappid": "1163770",
            "manifests": {
                "public": {
                    "gid": "2014532622632730985",
                    "size": "128",
                    "download": "176"
                }
            },
            "decryptionkey": "6ed89ac24cd4b2a37b59a2190f9146a1c3643874b20098b16858be6eda10141a"
        },
        "1163773": {
            "config": {
                "oslist": "linux"
            },
            "dlcappid": "1163770",
            "manifests": {
                "public": {
                    "gid": "7802013534269438121",
                    "size": "128",
                    "download": "176"
                }
            },
            "decryptionkey": "05d13d3cf6d780173cbedf5719d68a53fcd2b42f7dde4b721940b4ee25effac6"
        },
        "1430991": {
            "dlcappid": "1430990",
            "config": {
                "oslist": "windows"
            },
            "manifests": {
                "public": {
                    "gid": "4645023560976072695",
                    "size": "512",
                    "download": "496"
                }
            },
            "decryptionkey": "6dd1ee83133b9341b25f39357f3d1d2cfed3b8bfb308bc8c14e2d13c0fdc89e7"
        },
        "1430992": {
            "dlcappid": "1430990",
            "config": {
                "oslist": "macos"
            },
            "manifests": {
                "public": {
                    "gid": "7334053426650407908",
                    "size": "512",
                    "download": "496"
                }
            },
            "decryptionkey": "14228abd8ed31925b4b315b5ec93a5a298cef2c300c0fb2bd74a0d95368c0b54"
        },
        "1430993": {
            "dlcappid": "1430990",
            "config": {
                "oslist": "linux"
            },
            "manifests": {
                "public": {
                    "gid": "744873112858588034",
                    "size": "512",
                    "download": "496"
                }
            },
            "decryptionkey": "fa811b193d4dd8cb2323f3c9485920ddc01867a22063c6d5f5afcacf8bb222ee"
        },
        "1788371": {
            "dlcappid": "1788370",
            "config": {
                "oslist": "windows"
            },
            "manifests": {
                "public": {
                    "gid": "1819763601295886461",
                    "size": "512",
                    "download": "496"
                }
            },
            "decryptionkey": "8be97e74b10855b0401aab75a3d857eea24c22872d5eb5337ea455d8d1ee838d"
        },
        "1788372": {
            "dlcappid": "1788370",
            "config": {
                "oslist": "macos"
            },
            "manifests": {
                "public": {
                    "gid": "8992971804176766029",
                    "size": "512",
                    "download": "496"
                }
            },
            "decryptionkey": "84fc9f59b2feabcf9cae522e724da951a23a51396656446126ee6bfce0ee312b"
        },
        "1788373": {
            "dlcappid": "1788370",
            "config": {
                "oslist": "linux"
            },
            "manifests": {
                "public": {
                    "gid": "3576409815092577850",
                    "size": "512",
                    "download": "496"
                }
            },
            "decryptionkey": "a97291c760fc6dfc94b1e2129359ce4795fe26c6be755a3dd1bf23c3380edfb6"
        },
        "branches": {
            "public": {
                "buildid": "12748616",
                "timeupdated": "1700473742"
            }
        },
        "privatebranches": "1"
    }
}