{
    "appid": "207140",
    "type": "Game",
    "name": "SpeedRunners",
    "schinese_name": "极速奔跑者",
    "isfreeapp": "0",
    "change_number": "28970158",
    "update_time": "2025-05-14 07:38:03",
    "depot": {
        "228984": {
            "config": {
                "oslist": "windows"
            },
            "depotfromapp": "228980",
            "sharedinstall": "1"
        },
        "229002": {
            "config": {
                "oslist": "windows"
            },
            "depotfromapp": "228980",
            "sharedinstall": "1"
        },
        "preloadonly": "1",
        "overridescddb": "1",
        "baselanguages": "english,german,french,italian,koreana,spanish,schinese,russian,japanese,portuguese,polish,dutch,finnish,norwegian,hungarian,czech,romanian,turkish,brazilian,greek,ukrainian",
        "workshopdepot": "207140",
        "207141": {
            "systemdefined": "1",
            "config": {
                "oslist": "windows"
            },
            "manifests": {
                "public": {
                    "gid": "4976153199281848716",
                    "size": "694293640",
                    "download": "628675792"
                },
                "beta": {
                    "gid": "4976153199281848716",
                    "size": "694293640",
                    "download": "628675792"
                }
            },
            "decryptionkey": "2a380068679014b0f5249bc4968d341a6467fc4f4eac292e259ad5a5e660f34f"
        },
        "207142": {
            "config": {
                "oslist": "linux"
            },
            "manifests": {
                "public": {
                    "gid": "2916607353504802491",
                    "size": "748839895",
                    "download": "642861328"
                },
                "beta": {
                    "gid": "2916607353504802491",
                    "size": "748839895",
                    "download": "642861328"
                }
            },
            "decryptionkey": "071e1a3caf8dadaaf299c91b768079a0eff26aad6f7fd40334302de0d13e0a83"
        },
        "207143": {
            "config": {
                "oslist": "macos"
            },
            "manifests": {
                "public": {
                    "gid": "6023518271407208245",
                    "size": "740290059",
                    "download": "645661616"
                },
                "beta": {
                    "gid": "6023518271407208245",
                    "size": "740290059",
                    "download": "645661616"
                }
            },
            "decryptionkey": "43694c31e2449eb1b43e9d1d1cc8d4e94053ff8f03451ea4e7ac28f684770b63"
        },
        "317490": {
            "dlcappid": "317490"
        },
        "317480": {
            "dlcappid": "317480"
        },
        "895440": {
            "dlcappid": "895440"
        },
        "branches": {
            "public": {
                "buildid": "18145770",
                "timeupdated": "1744901986"
            },
            "beta": {
                "buildid": "18145770",
                "description": "Compatible test builds",
                "timeupdated": "1744901964"
            }
        },
        "privatebranches": "1",
        "workshopdepotdecryptionkey": "103f304a9e7ffda2f7a393b47f68409a81c235de32521f3a9c571dd376dcf2af"
    }
}