{
    "appid": "2051120",
    "type": "Game",
    "name": "HOT WHEELS UNLEASHED™ 2 - Turbocharged",
    "schinese_name": "风火轮爆发 2：涡轮增压",
    "isfreeapp": "0",
    "change_number": "29006579",
    "update_time": "2025-05-16 00:10:04",
    "depot": {
        "228988": {
            "config": {
                "oslist": "windows"
            },
            "depotfromapp": "228980",
            "sharedinstall": "1"
        },
        "228990": {
            "config": {
                "oslist": "windows"
            },
            "depotfromapp": "228980",
            "sharedinstall": "1"
        },
        "2051121": {
            "manifests": {
                "public": {
                    "gid": "8562777406195562958",
                    "size": "23670680890",
                    "download": "23057010832"
                }
            },
            "decryptionkey": "a3a1a2c67616cb63b8fe7830719af6ce7ff2ee70aeb15f6723f08c2a71d64d9e"
        },
        "baselanguages": "english,german,french,italian,spanish,schinese,tchinese,thai,japanese,polish,brazilian,latam",
        "branches": {
            "public": {
                "buildid": "17754448",
                "timeupdated": "1742817240"
            }
        },
        "privatebranches": "1"
    }
}