{
    "appid": 20920,
    "name": "The Witcher 2: Assassins of Kings Enhanced Edition",
    "type": "Game",
    "schinese_name": "巫师2：国王刺客加强版",
    "isfreeapp": 0,
    "update_time": "2025-06-06 16:55:37",
    "change_number": 29414023,
    "depot": {
        "overridescddb": "1",
        "20926": {
            "systemdefined": "1",
            "manifests": {
                "public": {
                    "gid": "315769246484065383",
                    "size": "19703726866",
                    "download": "0"
                },
                "linux_public_beta": {
                    "gid": "315769246484065383",
                    "size": "19703726866",
                    "download": "0"
                }
            },
            "decryptionkey": "805bd4b649d2922154963262548666e9a470ca75b9d09a2417eecfe47ded88ea"
        },
        "20921": {
            "systemdefined": "1",
            "config": {
                "oslist": "windows"
            },
            "manifests": {
                "public": {
                    "gid": "8223514100734217719",
                    "size": "150321417",
                    "download": "0"
                },
                "linux_public_beta": {
                    "gid": "8223514100734217719",
                    "size": "150321417",
                    "download": "0"
                }
            },
            "decryptionkey": "422ce9a62e74270124898f642cd6680a82b5a38e6df5355114bce1a3ba9e01f8"
        },
        "20927": {
            "config": {
                "oslist": "macos"
            },
            "systemdefined": "1",
            "manifests": {
                "public": {
                    "gid": "7361591508551106857",
                    "size": "323103325",
                    "download": "93748928"
                },
                "linux_public_beta": {
                    "gid": "7694927941728191570",
                    "size": "66636054",
                    "download": "49061024"
                }
            },
            "decryptionkey": "01ff943a47b237a777e411f8dbea92d4ffe9fa165470d7392cce3d87de72d1c1"
        },
        "288910": {
            "config": {
                "oslist": "linux"
            },
            "manifests": {
                "public": {
                    "gid": "1947434890495899226",
                    "size": "43913344",
                    "download": "23269664"
                },
                "linux_public_beta": {
                    "gid": "493116928067662247",
                    "size": "43849106",
                    "download": "23275952"
                }
            },
            "decryptionkey": "161d4e1f29e3ac3895f12bec21c9f0cd794c2f651c2120a029a5a98d51253472"
        },
        "20922": {
            "systemdefined": "1",
            "manifests": {
                "public": {
                    "gid": "3780814960985639249",
                    "size": "603123",
                    "download": "0"
                },
                "linux_public_beta": {
                    "gid": "3780814960985639249",
                    "size": "603123",
                    "download": "0"
                }
            },
            "decryptionkey": "8ed7d445083710d9eaaedf3d0b4efb874c1f9f20e4592a067c10fcc26e589692"
        },
        "20937": {
            "config": {
                "language": "russian"
            },
            "manifests": {
                "public": {
                    "gid": "903372513047389057",
                    "size": "1223206679",
                    "download": "0"
                },
                "linux_public_beta": {
                    "gid": "903372513047389057",
                    "size": "1223206679",
                    "download": "0"
                }
            },
            "decryptionkey": "f5739293fef7415775375580665da10e85fdb116deeb46117d258c48d74ba7a9"
        },
        "20923": {
            "config": {
                "language": "polish"
            },
            "manifests": {
                "public": {
                    "gid": "6862011465667603014",
                    "size": "1019027129",
                    "download": "0"
                },
                "linux_public_beta": {
                    "gid": "6862011465667603014",
                    "size": "1019027129",
                    "download": "0"
                }
            },
            "decryptionkey": "8184a90b126793437d45e63790f1a1ab8f4b471bd051f7827fc89cb27b1a3906"
        },
        "20924": {
            "config": {
                "language": "german"
            },
            "manifests": {
                "public": {
                    "gid": "3594794442703802535",
                    "size": "1095785310",
                    "download": "0"
                },
                "linux_public_beta": {
                    "gid": "3594794442703802535",
                    "size": "1095785310",
                    "download": "0"
                }
            },
            "decryptionkey": "0ad303acc7351993c72e4b268d414d83122c47fa36303c01db198d345291abbf"
        },
        "20925": {
            "config": {
                "language": "french"
            },
            "manifests": {
                "public": {
                    "gid": "5800386476642370826",
                    "size": "1035769815",
                    "download": "0"
                },
                "linux_public_beta": {
                    "gid": "5800386476642370826",
                    "size": "1035769815",
                    "download": "0"
                }
            },
            "decryptionkey": "7be8e87634ee7e33581fac81d58d7acc80c3c1016062d950cd8ec0b0882d1e4f"
        },
        "20928": {
            "config": {
                "language": "brazilian"
            },
            "manifests": {
                "public": {
                    "gid": "5764482989207420007",
                    "size": "4699999664",
                    "download": "0"
                },
                "linux_public_beta": {
                    "gid": "5764482989207420007",
                    "size": "4699999664",
                    "download": "0"
                }
            },
            "decryptionkey": "4b0458f19e74d96213f3ea7e3a63f480e8c455c643f78ce181fc0f1a6caa00ee"
        },
        "20938": {
            "config": {
                "language": "koreana"
            },
            "manifests": {
                "public": {
                    "gid": "4226047910205081744",
                    "size": "4696983900",
                    "download": "0"
                },
                "linux_public_beta": {
                    "gid": "4226047910205081744",
                    "size": "4696983900",
                    "download": "0"
                }
            },
            "decryptionkey": "6d46e31c91105bf2a2f2f7916d7ccbb516a27878625fac4dc8d18f164f56506c"
        },
        "branches": {
            "public": {
                "buildid": "13542023",
                "timeupdated": "1709033502"
            },
            "linux_public_beta": {
                "buildid": "765819",
                "description": "Beta updates for Linux"
            }
        },
        "privatebranches": "1"
    }
}