{
    "appid": 1342330,
    "name": "Mad Games Tycoon 2",
    "type": "Game",
    "schinese_name": "疯狂游戏大亨2",
    "isfreeapp": 0,
    "update_time": "2025-07-09 20:44:06",
    "change_number": 29974981,
    "depot": {
        "1342331": {
            "config": {
                "oslist": "windows"
            },
            "manifests": {
                "public": {
                    "gid": "917473233647877311",
                    "size": "1316014984",
                    "download": "378371088"
                }
            },
            "decryptionkey": "c75c9cf0a536e729982dd29f2476c784caef6ab9e233d6b9d25c2a1b7327b837"
        },
        "1342332": {
            "config": {
                "oslist": "macos"
            },
            "manifests": {
                "public": {
                    "gid": "6353782755368731788",
                    "size": "1320962418",
                    "download": "379884640"
                }
            },
            "decryptionkey": "ead96be4d758e6cf07153cf48e9301ecd2b67ba61c0ee632ff4a96372eb2deca"
        },
        "branches": {
            "public": {
                "buildid": "18022994",
                "timeupdated": "1744101594"
            }
        },
        "privatebranches": "1"
    }
}