{
    "appid": 2555190,
    "name": "Poppy Playtime - Chapter 3",
    "type": "DLC",
    "schinese_name": "",
    "isfreeapp": 0,
    "update_time": "2025-07-05 05:09:37",
    "change_number": 29892330,
    "depot": {
        "2555198": {
            "manifests": {
                "public": {
                    "gid": "7976244025258826224",
                    "size": "38840530233",
                    "download": "20907031376"
                }
            },
            "dlcappid": "2555190",
            "decryptionkey": "9b728f6de496b74d3e277f9e8dd3c852dd0b70b4ab461fc5c2d5db73a5ffeec2"
        },
        "branches": {
            "public": {
                "buildid": "13606106",
                "timeupdated": "1709242413"
            }
        },
        "privatebranches": "1"
    }
}