{
    "appid": 1277400,
    "name": "Monster Hunter Stories 2: Wings of Ruin",
    "type": "Game",
    "schinese_name": "怪物猎人物语2：破灭之翼",
    "isfreeapp": 0,
    "update_time": "2025-06-23 15:28:59",
    "change_number": 29490996,
    "depot": {
        "baselanguages": "english,german,french,italian,koreana,spanish,schinese,tchinese,russian,japanese,polish,arabic,brazilian,latam",
        "228988": {
            "config": {
                "oslist": "windows"
            },
            "depotfromapp": "228980",
            "sharedinstall": "1"
        },
        "228990": {
            "config": {
                "oslist": "windows"
            },
            "depotfromapp": "228980",
            "sharedinstall": "1"
        },
        "1277401": {
            "config": {
                "oslist": "windows"
            },
            "manifests": {
                "public": {
                    "gid": "3780574772790497438",
                    "size": "28575455647",
                    "download": "17508498256"
                }
            },
            "decryptionkey": "bfee8242944fa2ee92e4cb34e7de90305d919d87e953c7d88ea5caebed832c2c"
        },
        "1277402": {
            "config": {
                "oslist": "windows"
            },
            "manifests": {
                "public": {
                    "gid": "8877525865325235051",
                    "size": "0",
                    "download": "0"
                }
            },
            "decryptionkey": "c2d24048e19441d54a6319ec6c08be1dea25e579281d8520a4d6f8467ce4d6dc"
        },
        "1461850": {
            "dlcappid": "1461850",
            "config": {
                "oslist": "windows"
            },
            "manifests": {
                "public": {
                    "gid": "8678660519187912835",
                    "size": "1555408",
                    "download": "1472768"
                }
            },
            "decryptionkey": "3d7cbaa195d8259948d4a88175e3a04a6ebd67fd8a1ac1d44e4de9b175d4d6b0"
        },
        "1461851": {
            "dlcappid": "1461851",
            "config": {
                "oslist": "windows"
            },
            "manifests": {
                "public": {
                    "gid": "2877038034181250757",
                    "size": "1105376",
                    "download": "1066880"
                }
            },
            "decryptionkey": "52c1c57c2f10a5f0a292d8d863fc3673a46413d816775f967121d43fd7c2be6a"
        },
        "1461852": {
            "dlcappid": "1461852",
            "config": {
                "oslist": "windows"
            },
            "manifests": {
                "public": {
                    "gid": "286854515026779679",
                    "size": "3240312",
                    "download": "3248000"
                }
            },
            "decryptionkey": "d1d49af07a5129466f512c62823ef817dcc117184ef44d9322c7e4d38316e10d"
        },
        "1461853": {
            "dlcappid": "1461853",
            "config": {
                "oslist": "windows"
            },
            "manifests": {
                "public": {
                    "gid": "2177601540518807230",
                    "size": "2265168",
                    "download": "2261344"
                }
            },
            "decryptionkey": "4a29106bac0fd70be78065fc143785289f5af5c718b336950c1d5ddcb5810737"
        },
        "1461854": {
            "dlcappid": "1461854",
            "config": {
                "oslist": "windows"
            },
            "manifests": {
                "public": {
                    "gid": "5460969751737466934",
                    "size": "4608264",
                    "download": "4561440"
                }
            },
            "decryptionkey": "2cab643bd2b3271ccdc2573eef05a7a5359501213df5fb4b62dae618c7d846c6"
        },
        "1552560": {
            "dlcappid": "1552560",
            "config": {
                "oslist": "windows"
            },
            "manifests": {
                "public": {
                    "gid": "2712072320998351633",
                    "size": "1901936",
                    "download": "1883200"
                }
            },
            "decryptionkey": "11f3271252f31a9c5034348319378e5fa7d4a267b7212b3577eeeecadc2ee9d0"
        },
        "1552561": {
            "dlcappid": "1552561",
            "config": {
                "oslist": "windows"
            },
            "manifests": {
                "public": {
                    "gid": "6965275492330120002",
                    "size": "0",
                    "download": "0"
                }
            },
            "decryptionkey": "7f2bb5398889a7939d0bafacbe2224556706cf7dea26d3c5755296c21b0eeb80"
        },
        "1552562": {
            "dlcappid": "1552562",
            "config": {
                "oslist": "windows"
            },
            "manifests": {
                "public": {
                    "gid": "1392816447254377202",
                    "size": "65312",
                    "download": "33168"
                }
            },
            "decryptionkey": "fed5b104fb22c7ea235ee4bf779a54b7c4e092cdd8704be8a1c204e36b254672"
        },
        "1552563": {
            "dlcappid": "1552563",
            "config": {
                "oslist": "windows"
            },
            "manifests": {
                "public": {
                    "gid": "1500319214672315866",
                    "size": "127904",
                    "download": "96784"
                }
            },
            "decryptionkey": "338141c75a4ca2b0d88d78f3b45fd937e471c2e6b8e7026883b707004a11430c"
        },
        "1552564": {
            "dlcappid": "1552564",
            "config": {
                "oslist": "windows"
            },
            "manifests": {
                "public": {
                    "gid": "7925370202793886634",
                    "size": "171296",
                    "download": "140752"
                }
            },
            "decryptionkey": "e12a6436f268239072c5594b107a0fdd663055c4d2eaa084f987f678a81ed8c6"
        },
        "1552565": {
            "dlcappid": "1552565",
            "config": {
                "oslist": "windows"
            },
            "manifests": {
                "public": {
                    "gid": "3601338423929059569",
                    "size": "96104",
                    "download": "64560"
                }
            },
            "decryptionkey": "ef99ed51181331b3dcdc73623225fd4f450cb4bba662af760297560579db8702"
        },
        "1552566": {
            "dlcappid": "1552566",
            "config": {
                "oslist": "windows"
            },
            "manifests": {
                "public": {
                    "gid": "178574111653950346",
                    "size": "112200",
                    "download": "80240"
                }
            },
            "decryptionkey": "a908721644ad6a564a39da04644abe0d490fdcac9c2735485b670961eb76110d"
        },
        "1552567": {
            "dlcappid": "1552567",
            "config": {
                "oslist": "windows"
            },
            "manifests": {
                "public": {
                    "gid": "1842903270834156609",
                    "size": "172032",
                    "download": "140928"
                }
            },
            "decryptionkey": "e7144460ce7992c882ceef0d1d96d4f959c8af2a7dd14ac1042bbb0df91d138b"
        },
        "1552568": {
            "dlcappid": "1552568",
            "config": {
                "oslist": "windows"
            },
            "manifests": {
                "public": {
                    "gid": "4639491812669329313",
                    "size": "1439528",
                    "download": "1426368"
                }
            },
            "decryptionkey": "6452aaea7bd8c38e3f55b730497e1de7d10b29e1a344f84a96e2ad81e441421e"
        },
        "1552569": {
            "dlcappid": "1552569",
            "config": {
                "oslist": "windows"
            },
            "manifests": {
                "public": {
                    "gid": "8739963637840408063",
                    "size": "0",
                    "download": "0"
                }
            },
            "decryptionkey": "f8371e88ebd06d18e27835066ca8520d1e5011fb4e47105a8765b0ae769f258f"
        },
        "1552580": {
            "dlcappid": "1552580",
            "config": {
                "oslist": "windows"
            },
            "manifests": {
                "public": {
                    "gid": "6023603766664640097",
                    "size": "0",
                    "download": "0"
                }
            },
            "decryptionkey": "eebbc56e2ba86b23d9e7ef658a38a2050c9b0c178f006b521e895e23b0a4da40"
        },
        "1552581": {
            "dlcappid": "1552581",
            "config": {
                "oslist": "windows"
            },
            "manifests": {
                "public": {
                    "gid": "7150885687942998366",
                    "size": "0",
                    "download": "0"
                }
            },
            "decryptionkey": "fea2bed6275772f94b0e897db74f9362e4ac2bacd5bdc0a6b054422984124f22"
        },
        "1552582": {
            "dlcappid": "1552582",
            "config": {
                "oslist": "windows"
            },
            "manifests": {
                "public": {
                    "gid": "4356439379269885765",
                    "size": "0",
                    "download": "0"
                }
            },
            "decryptionkey": "9782c3fdbc44991e070ad9b14ab1edc33b591c4b2ece9117177ec65052326c01"
        },
        "1552583": {
            "dlcappid": "1552583",
            "config": {
                "oslist": "windows"
            },
            "manifests": {
                "public": {
                    "gid": "3589201796155399737",
                    "size": "0",
                    "download": "0"
                }
            },
            "decryptionkey": "a6bff6bd9accf870d97d7409cd341af100d99ebaabd1314bba446d87d31bbc98"
        },
        "1552584": {
            "dlcappid": "1552584",
            "config": {
                "oslist": "windows"
            },
            "manifests": {
                "public": {
                    "gid": "3407043936975497130",
                    "size": "0",
                    "download": "0"
                }
            },
            "decryptionkey": "19ade8a8026b834f630404e1e352b1f31b0bdf72244ac84711769c71f080025d"
        },
        "1552585": {
            "dlcappid": "1552585",
            "config": {
                "oslist": "windows"
            },
            "manifests": {
                "public": {
                    "gid": "6285297111413710435",
                    "size": "0",
                    "download": "0"
                }
            },
            "decryptionkey": "e1c37014f164b1ae30ed2b880f5392540bd10904258fae5db4febe15ab20998a"
        },
        "1552588": {
            "dlcappid": "1552588",
            "config": {
                "oslist": "windows"
            },
            "manifests": {
                "public": {
                    "gid": "8154005847181404831",
                    "size": "0",
                    "download": "0"
                }
            },
            "decryptionkey": "e955a3f3bcb25a160e417b944e41012e7d6d910786136f163a725d8822d2b061"
        },
        "1552590": {
            "dlcappid": "1552590",
            "config": {
                "oslist": "windows"
            }
        },
        "1552591": {
            "dlcappid": "1552591",
            "config": {
                "oslist": "windows"
            }
        },
        "branches": {
            "public": {
                "buildid": "16483253",
                "timeupdated": "1732755658"
            }
        },
        "privatebranches": "1"
    }
}