{
    "appid": 108600,
    "name": "Project Zomboid",
    "type": "Game",
    "schinese_name": "僵尸毁灭工程",
    "isfreeapp": 0,
    "update_time": "2025-07-24 02:12:55",
    "change_number": 30217638,
    "depot": {
        "228983": {
            "config": {
                "oslist": "windows"
            },
            "depotfromapp": "228980",
            "sharedinstall": "1"
        },
        "228984": {
            "config": {
                "oslist": "windows"
            },
            "depotfromapp": "228980",
            "sharedinstall": "1"
        },
        "228985": {
            "config": {
                "oslist": "windows"
            },
            "depotfromapp": "228980",
            "sharedinstall": "1"
        },
        "228986": {
            "config": {
                "oslist": "windows"
            },
            "depotfromapp": "228980",
            "sharedinstall": "1"
        },
        "228987": {
            "config": {
                "oslist": "windows"
            },
            "depotfromapp": "228980",
            "sharedinstall": "1"
        },
        "overridescddb": "1",
        "markdlcdepots": "1",
        "108602": {
            "config": {
                "oslist": "macos"
            },
            "systemdefined": "1",
            "manifests": {
                "public": {
                    "gid": "2540194756181522692",
                    "size": "7175738039",
                    "download": "2266537344"
                },
                "unstable": {
                    "gid": "2012165899573118826",
                    "size": "10657329940",
                    "download": "4679138064"
                },
                "legacy_41_78_7": {
                    "gid": "7607573219841652195",
                    "size": "7174822030",
                    "download": "2266235024"
                },
                "legacy41_77": {
                    "gid": "8029446020725683831",
                    "size": "7155698164",
                    "download": "2252081648"
                },
                "legacy41_73": {
                    "gid": "6883955926007864744",
                    "size": "7152955841",
                    "download": "2251619712"
                },
                "legacy_41_71": {
                    "gid": "3974265827940517939",
                    "size": "4877227005",
                    "download": "2102999632"
                },
                "legacy41_68": {
                    "gid": "3013930118823090691",
                    "size": "4691354908",
                    "download": "1918970032"
                },
                "legacy40": {
                    "gid": "6161845285216739528",
                    "size": "3220198660",
                    "download": "1284871440"
                },
                "38.30(pre-vehicles)": {
                    "gid": "2110518077863012336",
                    "size": "2359722496",
                    "download": "679236192"
                },
                "build-39-vehicles": {
                    "gid": "231208379938381225",
                    "size": "3009078520",
                    "download": "1077417472"
                }
            },
            "decryptionkey": "2c6834d3d5c0e48329883a18abe5614aa868c3e7911fc582c613cec21b3a5d1c"
        },
        "108603": {
            "config": {
                "oslist": "linux"
            },
            "systemdefined": "1",
            "manifests": {
                "public": {
                    "gid": "1153657949707515857",
                    "size": "7200710641",
                    "download": "2272871712"
                },
                "unstable": {
                    "gid": "8498223938006162484",
                    "size": "10527864262",
                    "download": "4668466096"
                },
                "legacy_41_78_7": {
                    "gid": "5229608682402597842",
                    "size": "7199794632",
                    "download": "2272569392"
                },
                "legacy41_77": {
                    "gid": "2375120442475213459",
                    "size": "7180666670",
                    "download": "2258416256"
                },
                "legacy41_73": {
                    "gid": "8594570266995432584",
                    "size": "7177934279",
                    "download": "2257951760"
                },
                "legacy_41_71": {
                    "gid": "5292311799456437797",
                    "size": "4901975289",
                    "download": "2109228992"
                },
                "legacy41_68": {
                    "gid": "7477315468393310762",
                    "size": "4716167408",
                    "download": "1925218064"
                },
                "legacy40": {
                    "gid": "2901627108538846647",
                    "size": "3484671471",
                    "download": "1353198672"
                },
                "38.30(pre-vehicles)": {
                    "gid": "2025289189699877611",
                    "size": "3157220752",
                    "download": "1211617056"
                },
                "build-39-vehicles": {
                    "gid": "4616772916413634926",
                    "size": "2979060174",
                    "download": "1032043744"
                }
            },
            "decryptionkey": "0b2a31059fa239993389b69ca9a0bebd9e3cbc8ccb446335c2becbe85060b0c4"
        },
        "108604": {
            "config": {
                "oslist": "windows"
            },
            "systemdefined": "1",
            "manifests": {
                "public": {
                    "gid": "6286577881064486829",
                    "size": "7305916741",
                    "download": "2287844768"
                },
                "unstable": {
                    "gid": "7419158074565449280",
                    "size": "10646029000",
                    "download": "4685308944"
                },
                "legacy_41_78_7": {
                    "gid": "5425527854041061861",
                    "size": "7305000732",
                    "download": "2287542448"
                },
                "legacy41_77": {
                    "gid": "3971493100605727297",
                    "size": "7285876356",
                    "download": "2273389744"
                },
                "legacy41_73": {
                    "gid": "8028257807616859543",
                    "size": "7283118773",
                    "download": "2272904464"
                },
                "legacy_41_71": {
                    "gid": "1421160739276282271",
                    "size": "5007304523",
                    "download": "2124243168"
                },
                "legacy41_68": {
                    "gid": "4757127765721375332",
                    "size": "4821359586",
                    "download": "1940204832"
                },
                "legacy40": {
                    "gid": "7314538702962021307",
                    "size": "3436718730",
                    "download": "1346089424"
                },
                "38.30(pre-vehicles)": {
                    "gid": "3304842459355341651",
                    "size": "2510961342",
                    "download": "688548608"
                },
                "build-39-vehicles": {
                    "gid": "8598263918377230418",
                    "size": "3163244456",
                    "download": "1087811504"
                }
            },
            "decryptionkey": "3f8e8c70818c5469711aeaefe50b4f280028b72dfd7f7a4c83b6bd747e4a382a"
        },
        "108601": {
            "systemdefined": "1"
        },
        "workshopdepot": "108600",
        "branches": {
            "public": {
                "buildid": "16526698",
                "timeupdated": "1753211917"
            },
            "unstable": {
                "buildid": "19046763",
                "description": "UNSTABLE - BACKUP FIRST",
                "timeupdated": "1751288227"
            },
            "legacy_41_78_7": {
                "buildid": "9905455",
                "description": "legacy_41_78_7",
                "timeupdated": "1669222528"
            },
            "legacy41_77": {
                "buildid": "9763098",
                "description": "legacy41_77",
                "timeupdated": "1668099789"
            },
            "legacy41_73": {
                "buildid": "9303585",
                "description": "legacy41_73",
                "timeupdated": "1664904380"
            },
            "legacy_41_71": {
                "buildid": "8781039",
                "description": "legacy_41_71",
                "timeupdated": "1659030464"
            },
            "legacy41_68": {
                "buildid": "8405627",
                "description": "legacy41_68",
                "timeupdated": "1652979211"
            },
            "legacy40": {
                "buildid": "3417012",
                "description": "Classic Zomboid",
                "timeupdated": "1639990841"
            },
            "38.30(pre-vehicles)": {
                "buildid": "2309123",
                "description": "legacy b38 build",
                "timeupdated": "1524048033"
            },
            "build-39-vehicles": {
                "buildid": "2857997",
                "description": "legacy b39 build",
                "timeupdated": "1540896904"
            }
        },
        "privatebranches": "1",
        "workshopdepotdecryptionkey": "fc06c9893d7792ec35292dfc1b216f92d0f9e173df982804f4ab00293e9ab25b"
    }
}