{
    "appid": 294100,
    "name": "RimWorld",
    "type": "Game",
    "schinese_name": "边缘世界 RimWorld",
    "isfreeapp": 0,
    "update_time": "2025-06-22 05:53:59",
    "change_number": 29683070,
    "depot": {
        "overridescddb": "1",
        "baselanguages": "english,german,french,italian,koreana,spanish,schinese,tchinese,russian,japanese,portuguese,polish,danish,dutch,finnish,norwegian,swedish,hungarian,czech,romanian,turkish,brazilian,ukrainian",
        "workshopdepot": "294100",
        "hasdepotsindlc": "0",
        "294101": {
            "systemdefined": "1",
            "config": {
                "oslist": "windows",
                "osarch": "32"
            },
            "manifests": {
                "public": {
                    "gid": "8853950557461742287",
                    "size": "490581334",
                    "download": "196112544"
                },
                "alpha13": {
                    "gid": "3947499099116905908",
                    "size": "148171204",
                    "download": "80586176"
                },
                "alpha14": {
                    "gid": "2767937908030427433",
                    "size": "309763998",
                    "download": "110217184"
                },
                "alpha15": {
                    "gid": "8916783706116675294",
                    "size": "311951325",
                    "download": "111226448"
                },
                "alpha16": {
                    "gid": "625734594528486297",
                    "size": "176960625",
                    "download": "94857120"
                },
                "alpha17": {
                    "gid": "2783249055740934921",
                    "size": "202343215",
                    "download": "99536192"
                },
                "alpha4": {
                    "gid": "1771185094690007901",
                    "size": "188853919",
                    "download": "0"
                },
                "beta18": {
                    "gid": "483992760370594538",
                    "size": "216665059",
                    "download": "103402272"
                },
                "beta19": {
                    "gid": "5555181948561369438",
                    "size": "258804647",
                    "download": "118145808"
                },
                "version-1.0": {
                    "gid": "2931603193229967250",
                    "size": "277023031",
                    "download": "122005728"
                },
                "version-1.1": {
                    "gid": "454527151581571553",
                    "size": "342971058",
                    "download": "135797728"
                },
                "version-1.2": {
                    "gid": "7126163434260569755",
                    "size": "358406691",
                    "download": "141795776"
                },
                "version-1.3-latest": {
                    "gid": "8911590071640827907",
                    "size": "401616651",
                    "download": "164244512"
                },
                "version-1.3.3287": {
                    "gid": "2625664513074748839",
                    "size": "400438371",
                    "download": "164281104"
                },
                "version-1.4.3542": {
                    "gid": "6617814845572150109",
                    "size": "428146479",
                    "download": "174733696"
                },
                "version-1.4.3563": {
                    "gid": "4321821988850080008",
                    "size": "428419125",
                    "download": "174793760"
                },
                "version-1.4.3901": {
                    "gid": "3049779368505652833",
                    "size": "430310811",
                    "download": "175154096"
                },
                "unstable": {
                    "gid": "7778627421130561162",
                    "size": "571690155",
                    "download": "212643856"
                }
            },
            "decryptionkey": "a5f3f4466343e7297b20a43dde9d6b6ed9d0d4230b74689caf5746d11de0367d"
        },
        "294104": {
            "config": {
                "oslist": "windows",
                "osarch": "64"
            },
            "manifests": {
                "public": {
                    "gid": "4758502247733710441",
                    "size": "497899254",
                    "download": "198410896"
                },
                "alpha13": {
                    "gid": "7362731565702425949",
                    "size": "148171204",
                    "download": "80573488"
                },
                "alpha14": {
                    "gid": "5906751867226726828",
                    "size": "309763998",
                    "download": "110204928"
                },
                "alpha15": {
                    "gid": "1536912220904761886",
                    "size": "311951325",
                    "download": "111224640"
                },
                "alpha16": {
                    "gid": "6784446709639518487",
                    "size": "176960625",
                    "download": "94848944"
                },
                "alpha17": {
                    "gid": "1061042397890035266",
                    "size": "202343215",
                    "download": "99500080"
                },
                "alpha4": {
                    "gid": "7095894165249022471",
                    "size": "188853919",
                    "download": "77885856"
                },
                "beta18": {
                    "gid": "860275689195968022",
                    "size": "216665059",
                    "download": "103410576"
                },
                "beta19": {
                    "gid": "1945990380722241342",
                    "size": "264016253",
                    "download": "119677232"
                },
                "version-1.0": {
                    "gid": "1202485057052572423",
                    "size": "282234631",
                    "download": "123528016"
                },
                "version-1.1": {
                    "gid": "8211141225019274925",
                    "size": "349908490",
                    "download": "137971584"
                },
                "version-1.2": {
                    "gid": "8107588516744056546",
                    "size": "365343611",
                    "download": "143972464"
                },
                "version-1.3-latest": {
                    "gid": "8138304505561771987",
                    "size": "408933883",
                    "download": "166537312"
                },
                "version-1.3.3287": {
                    "gid": "8411409874337528175",
                    "size": "407763283",
                    "download": "166574608"
                },
                "version-1.4.3542": {
                    "gid": "2084092365431020583",
                    "size": "435463199",
                    "download": "177024816"
                },
                "version-1.4.3563": {
                    "gid": "4476713874247917059",
                    "size": "435736357",
                    "download": "177078352"
                },
                "version-1.4.3901": {
                    "gid": "6204801302266436121",
                    "size": "437710795",
                    "download": "177522224"
                },
                "unstable": {
                    "gid": "8045388097343610167",
                    "size": "581916332",
                    "download": "215727200"
                }
            },
            "decryptionkey": "db7d2330e8748efe01ff1674580919b72e40879517e378b568533acc2863ec26"
        },
        "294102": {
            "config": {
                "oslist": "macos"
            },
            "manifests": {
                "public": {
                    "gid": "2054781518748248127",
                    "size": "498341062",
                    "download": "198438704"
                },
                "alpha13": {
                    "gid": "3679899352858309651",
                    "size": "182680510",
                    "download": "88886608"
                },
                "alpha14": {
                    "gid": "1944866530653793211",
                    "size": "206859102",
                    "download": "102285264"
                },
                "alpha15": {
                    "gid": "7306928493465807823",
                    "size": "209046429",
                    "download": "103300992"
                },
                "alpha16": {
                    "gid": "7750867069594611930",
                    "size": "219583785",
                    "download": "106680144"
                },
                "alpha17": {
                    "gid": "9190823764492462323",
                    "size": "244981871",
                    "download": "111349696"
                },
                "alpha4": {
                    "gid": "2901276685423748580",
                    "size": "149750014",
                    "download": "0"
                },
                "beta18": {
                    "gid": "770143561176985210",
                    "size": "267367577",
                    "download": "117094208"
                },
                "beta19": {
                    "gid": "148493614292583017",
                    "size": "309547639",
                    "download": "131839264"
                },
                "version-1.0": {
                    "gid": "9091687267246267525",
                    "size": "327766017",
                    "download": "135707808"
                },
                "version-1.1": {
                    "gid": "8796398193388282677",
                    "size": "351797472",
                    "download": "138362704"
                },
                "version-1.2": {
                    "gid": "5182957436805891805",
                    "size": "367250001",
                    "download": "144345712"
                },
                "version-1.3-latest": {
                    "gid": "9148172695814668528",
                    "size": "409183607",
                    "download": "166504640"
                },
                "version-1.3.3287": {
                    "gid": "4921546026616031107",
                    "size": "409426648",
                    "download": "166760912"
                },
                "version-1.4.3542": {
                    "gid": "3352464611950396284",
                    "size": "435809507",
                    "download": "177015744"
                },
                "version-1.4.3563": {
                    "gid": "4407478215637114672",
                    "size": "436082153",
                    "download": "177070080"
                },
                "version-1.4.3901": {
                    "gid": "1553354157228709933",
                    "size": "438057103",
                    "download": "177505216"
                },
                "unstable": {
                    "gid": "5721375181389964676",
                    "size": "605523205",
                    "download": "222887392"
                }
            },
            "decryptionkey": "dfa49a9452d912eb031ecd2111c1a9b1331bfe58000b9d68b8d5b646acbd1054"
        },
        "294103": {
            "config": {
                "oslist": "linux"
            },
            "manifests": {
                "public": {
                    "gid": "2197714010033731403",
                    "size": "509146759",
                    "download": "200165024"
                },
                "alpha13": {
                    "gid": "4090515373070954398",
                    "size": "180204393",
                    "download": "90004400"
                },
                "alpha14": {
                    "gid": "3076125121008572297",
                    "size": "203962011",
                    "download": "102942128"
                },
                "alpha15": {
                    "gid": "1138365310206072323",
                    "size": "206153558",
                    "download": "104026272"
                },
                "alpha16": {
                    "gid": "5899854468774089098",
                    "size": "213987112",
                    "download": "106269744"
                },
                "alpha17": {
                    "gid": "4919938404782440011",
                    "size": "239376950",
                    "download": "110918128"
                },
                "alpha4": {
                    "gid": "7849270332243915927",
                    "size": "219978493",
                    "download": "0"
                },
                "beta18": {
                    "gid": "1403222855439938617",
                    "size": "267456668",
                    "download": "118687312"
                },
                "beta19": {
                    "gid": "5557533654862188058",
                    "size": "309652066",
                    "download": "133553712"
                },
                "version-1.0": {
                    "gid": "8230739857347742702",
                    "size": "327870460",
                    "download": "137471520"
                },
                "version-1.1": {
                    "gid": "7216681533951538685",
                    "size": "352375463",
                    "download": "138579904"
                },
                "version-1.2": {
                    "gid": "4252927151798924172",
                    "size": "367829786",
                    "download": "144621152"
                },
                "version-1.3-latest": {
                    "gid": "1398213090342614176",
                    "size": "419982276",
                    "download": "168126752"
                },
                "version-1.3.3287": {
                    "gid": "8869919025360910993",
                    "size": "418899558",
                    "download": "168201200"
                },
                "version-1.4.3542": {
                    "gid": "3872681194974312136",
                    "size": "446614698",
                    "download": "178621248"
                },
                "version-1.4.3563": {
                    "gid": "9201460540212186253",
                    "size": "446887344",
                    "download": "178681072"
                },
                "version-1.4.3901": {
                    "gid": "759609263597666940",
                    "size": "448862294",
                    "download": "179130384"
                },
                "unstable": {
                    "gid": "4000016078838381934",
                    "size": "581958310",
                    "download": "214501072"
                }
            },
            "decryptionkey": "a8218a15388519f5ded274def07d1dd1c535e1bfe646eb17463775bf47f63e39"
        },
        "367682": {
            "dlcappid": "367682"
        },
        "367680": {
            "dlcappid": "367680"
        },
        "367681": {
            "dlcappid": "367681"
        },
        "1149641": {
            "dlcappid": "1149640",
            "config": {
                "oslist": "windows",
                "osarch": "32"
            },
            "manifests": {
                "public": {
                    "gid": "7861425714640578207",
                    "size": "58451364",
                    "download": "44877136"
                },
                "version-1.0": {
                    "gid": "574392979427615924",
                    "size": "34830337",
                    "download": "33873248"
                },
                "version-1.1": {
                    "gid": "3741659043379415574",
                    "size": "41509232",
                    "download": "35808864"
                },
                "version-1.2": {
                    "gid": "6231912131615612282",
                    "size": "48026618",
                    "download": "38105936"
                },
                "version-1.3-latest": {
                    "gid": "180160986817047643",
                    "size": "52268803",
                    "download": "42115248"
                },
                "version-1.3.3287": {
                    "gid": "927196611140577762",
                    "size": "52267667",
                    "download": "42114912"
                },
                "version-1.4.3542": {
                    "gid": "6814719827954897222",
                    "size": "57205662",
                    "download": "44741216"
                },
                "version-1.4.3563": {
                    "gid": "6549037283526728212",
                    "size": "57322647",
                    "download": "44764416"
                },
                "version-1.4.3901": {
                    "gid": "8060663970848661922",
                    "size": "57786577",
                    "download": "44843728"
                },
                "unstable": {
                    "gid": "9149239542923997604",
                    "size": "60477795",
                    "download": "44924944"
                }
            },
            "decryptionkey": "298db7a9d64ecbc820422e53907ab224611829745e8e4b20a4387efba317bee1"
        },
        "1149644": {
            "dlcappid": "1149640",
            "config": {
                "oslist": "windows",
                "osarch": "64"
            },
            "manifests": {
                "public": {
                    "gid": "3278320954928645398",
                    "size": "58451365",
                    "download": "44877120"
                },
                "version-1.0": {
                    "gid": "4829588165446452712",
                    "size": "34829838",
                    "download": "33873008"
                },
                "version-1.1": {
                    "gid": "2511962490677882591",
                    "size": "41509231",
                    "download": "35809248"
                },
                "version-1.2": {
                    "gid": "7156952086099471227",
                    "size": "48026618",
                    "download": "38105808"
                },
                "version-1.3-latest": {
                    "gid": "9149330751641276191",
                    "size": "52269342",
                    "download": "42115712"
                },
                "version-1.3.3287": {
                    "gid": "6729926074237364469",
                    "size": "52268206",
                    "download": "42115376"
                },
                "version-1.4.3542": {
                    "gid": "1466817003975014253",
                    "size": "57205663",
                    "download": "44741216"
                },
                "version-1.4.3563": {
                    "gid": "5240661990925226408",
                    "size": "57322648",
                    "download": "44764416"
                },
                "version-1.4.3901": {
                    "gid": "2891331207258265394",
                    "size": "57786577",
                    "download": "44843824"
                },
                "unstable": {
                    "gid": "351850218980847431",
                    "size": "60477795",
                    "download": "44924912"
                }
            },
            "decryptionkey": "fafd64b303cda2e9b938ce60e7af4653a574b035d59cccd31be1ff5c2dc8c0ee"
        },
        "1149642": {
            "dlcappid": "1149640",
            "config": {
                "oslist": "macos"
            },
            "manifests": {
                "public": {
                    "gid": "5808213243080004429",
                    "size": "58450924",
                    "download": "44876832"
                },
                "version-1.0": {
                    "gid": "4575068736445894116",
                    "size": "34830577",
                    "download": "33873648"
                },
                "version-1.1": {
                    "gid": "5409387581595170261",
                    "size": "41510281",
                    "download": "35810144"
                },
                "version-1.2": {
                    "gid": "7146718702020991698",
                    "size": "48026002",
                    "download": "38104976"
                },
                "version-1.3-latest": {
                    "gid": "6845615621516253216",
                    "size": "52269682",
                    "download": "42116480"
                },
                "version-1.3.3287": {
                    "gid": "8309347933129943227",
                    "size": "52268546",
                    "download": "42116144"
                },
                "version-1.4.3542": {
                    "gid": "2388517894315736856",
                    "size": "57205318",
                    "download": "44740528"
                },
                "version-1.4.3563": {
                    "gid": "8391176977415111518",
                    "size": "57322303",
                    "download": "44763728"
                },
                "version-1.4.3901": {
                    "gid": "4757351404430442027",
                    "size": "57786789",
                    "download": "44844512"
                },
                "unstable": {
                    "gid": "858090927875947429",
                    "size": "60477793",
                    "download": "44924672"
                }
            },
            "decryptionkey": "14ba0c9d972b57cf45870968dfd396baa35f94d87f117e91e64ba03d25d5d5ad"
        },
        "1149643": {
            "dlcappid": "1149640",
            "config": {
                "oslist": "linux"
            },
            "manifests": {
                "public": {
                    "gid": "7489971535168711930",
                    "size": "58451365",
                    "download": "44877216"
                },
                "version-1.0": {
                    "gid": "7920320440029147094",
                    "size": "34829838",
                    "download": "33873136"
                },
                "version-1.1": {
                    "gid": "4843891610939321755",
                    "size": "41509232",
                    "download": "35809280"
                },
                "version-1.2": {
                    "gid": "3083019162875775129",
                    "size": "48026617",
                    "download": "38105856"
                },
                "version-1.3-latest": {
                    "gid": "495465338509332251",
                    "size": "52269229",
                    "download": "42115744"
                },
                "version-1.3.3287": {
                    "gid": "3763245686445712311",
                    "size": "52268093",
                    "download": "42115408"
                },
                "version-1.4.3542": {
                    "gid": "730212717358121596",
                    "size": "57205663",
                    "download": "44741184"
                },
                "version-1.4.3563": {
                    "gid": "4421225804567122109",
                    "size": "57322648",
                    "download": "44764384"
                },
                "version-1.4.3901": {
                    "gid": "4066824147856552354",
                    "size": "57786577",
                    "download": "44843856"
                },
                "unstable": {
                    "gid": "386339247536674620",
                    "size": "60477796",
                    "download": "44924944"
                }
            },
            "decryptionkey": "a2065b38cf6723c9cc336f68388389a7b437e4404a9856982d2594a928b49b23"
        },
        "294105": {
            "dlcappid": "1392840",
            "config": {
                "oslist": "windows",
                "osarch": "32"
            },
            "manifests": {
                "public": {
                    "gid": "4393962539143065176",
                    "size": "59826521",
                    "download": "34228480"
                },
                "version-1.3-latest": {
                    "gid": "6221845320284123326",
                    "size": "60246911",
                    "download": "40550704"
                },
                "version-1.3.3287": {
                    "gid": "1981614336450252996",
                    "size": "59985723",
                    "download": "40522848"
                },
                "version-1.4.3542": {
                    "gid": "1761200862026540085",
                    "size": "57789091",
                    "download": "33916272"
                },
                "version-1.4.3563": {
                    "gid": "1953114596052257536",
                    "size": "57847327",
                    "download": "33920000"
                },
                "version-1.4.3901": {
                    "gid": "155157175481811483",
                    "size": "59030160",
                    "download": "34117040"
                },
                "unstable": {
                    "gid": "215826495922348721",
                    "size": "56834747",
                    "download": "27823024"
                }
            },
            "decryptionkey": "be81976289e837bb2cb5c9858b07b9f72612a69414697f44c5b138fb3041a250"
        },
        "294106": {
            "dlcappid": "1392840",
            "config": {
                "oslist": "windows",
                "osarch": "64"
            },
            "manifests": {
                "public": {
                    "gid": "164060302158844711",
                    "size": "59826521",
                    "download": "34228400"
                },
                "version-1.3-latest": {
                    "gid": "3681674244229711112",
                    "size": "60246911",
                    "download": "40550640"
                },
                "version-1.3.3287": {
                    "gid": "5784597853768697279",
                    "size": "59985723",
                    "download": "40522784"
                },
                "version-1.4.3542": {
                    "gid": "7928948610963114276",
                    "size": "57789091",
                    "download": "33916272"
                },
                "version-1.4.3563": {
                    "gid": "2559842944507857832",
                    "size": "57847327",
                    "download": "33920000"
                },
                "version-1.4.3901": {
                    "gid": "7849686558823215570",
                    "size": "59055139",
                    "download": "34142544"
                },
                "unstable": {
                    "gid": "6560054189334700888",
                    "size": "56834747",
                    "download": "27823024"
                }
            },
            "decryptionkey": "d1a9518d7b68f46dc53981fe05514f6daa66a3aa125637c13c1535e8cdb8e4b6"
        },
        "294107": {
            "dlcappid": "1392840",
            "config": {
                "oslist": "macos"
            },
            "manifests": {
                "public": {
                    "gid": "2599782820123287415",
                    "size": "59826520",
                    "download": "34228512"
                },
                "version-1.3-latest": {
                    "gid": "2307934288533746892",
                    "size": "60246910",
                    "download": "40550688"
                },
                "version-1.3.3287": {
                    "gid": "5499934639235447264",
                    "size": "59985722",
                    "download": "40522832"
                },
                "version-1.4.3542": {
                    "gid": "7345383424765835061",
                    "size": "57787726",
                    "download": "33914656"
                },
                "version-1.4.3563": {
                    "gid": "8905089808412688562",
                    "size": "57845962",
                    "download": "33918384"
                },
                "version-1.4.3901": {
                    "gid": "2321069803714968993",
                    "size": "59053774",
                    "download": "34140928"
                },
                "unstable": {
                    "gid": "4278732118216156303",
                    "size": "56834744",
                    "download": "27822720"
                }
            },
            "decryptionkey": "132106f7d7fd90e2cef97d5a01632ca943c2147afcd166c202d51865cf0786e6"
        },
        "294108": {
            "dlcappid": "1392840",
            "config": {
                "oslist": "linux"
            },
            "manifests": {
                "public": {
                    "gid": "8829858508882856102",
                    "size": "59826798",
                    "download": "34228848"
                },
                "version-1.3-latest": {
                    "gid": "7016916705106560750",
                    "size": "60246847",
                    "download": "40550160"
                },
                "version-1.3.3287": {
                    "gid": "3184391781564455269",
                    "size": "59985659",
                    "download": "40522304"
                },
                "version-1.4.3542": {
                    "gid": "7855690624412606634",
                    "size": "57788049",
                    "download": "33914832"
                },
                "version-1.4.3563": {
                    "gid": "3991721487631108264",
                    "size": "57846285",
                    "download": "33918560"
                },
                "version-1.4.3901": {
                    "gid": "3952596221824142435",
                    "size": "59054097",
                    "download": "34141104"
                },
                "unstable": {
                    "gid": "8826270895174540790",
                    "size": "56834746",
                    "download": "27822576"
                }
            },
            "decryptionkey": "80efa15b6a1330572a30a52fc0147fd7fecf36ea2e3acfa8d7db1d78f28c2144"
        },
        "367683": {
            "config": {
                "oslist": "windows",
                "osarch": "32"
            },
            "dlcappid": "1826140",
            "manifests": {
                "public": {
                    "gid": "7667969316367028607",
                    "size": "57736866",
                    "download": "41425840"
                },
                "version-1.4.3542": {
                    "gid": "4158684890686565218",
                    "size": "54082807",
                    "download": "42883728"
                },
                "version-1.4.3563": {
                    "gid": "5401509912161919324",
                    "size": "56232591",
                    "download": "43289344"
                },
                "version-1.4.3901": {
                    "gid": "3181905045217255801",
                    "size": "59475887",
                    "download": "43822592"
                },
                "unstable": {
                    "gid": "1181178855453357041",
                    "size": "68869954",
                    "download": "46407696"
                }
            },
            "decryptionkey": "eae351654f6795aae5320150c2801aa853cc2e46412b72bccca2fbf3f50af32a"
        },
        "367684": {
            "config": {
                "oslist": "windows",
                "osarch": "64"
            },
            "dlcappid": "1826140",
            "manifests": {
                "public": {
                    "gid": "3217148194503612346",
                    "size": "57737022",
                    "download": "41425360"
                },
                "version-1.4.3542": {
                    "gid": "8887182202073070988",
                    "size": "54082807",
                    "download": "42883392"
                },
                "version-1.4.3563": {
                    "gid": "7369726586728284263",
                    "size": "56232591",
                    "download": "43288992"
                },
                "version-1.4.3901": {
                    "gid": "9158276738795851469",
                    "size": "59503201",
                    "download": "43850016"
                },
                "unstable": {
                    "gid": "4083118951411384717",
                    "size": "68869955",
                    "download": "46407696"
                }
            },
            "decryptionkey": "699e092d84e16c90a62ebfcd68d1c568c4947ae94d538e999fe56e7cc6043942"
        },
        "367685": {
            "config": {
                "oslist": "macos"
            },
            "dlcappid": "1826140",
            "manifests": {
                "public": {
                    "gid": "3368653275572600098",
                    "size": "57736312",
                    "download": "41424992"
                },
                "version-1.4.3542": {
                    "gid": "6794282216461711517",
                    "size": "54085041",
                    "download": "42885680"
                },
                "version-1.4.3563": {
                    "gid": "9200136800398149903",
                    "size": "56233020",
                    "download": "43289520"
                },
                "version-1.4.3901": {
                    "gid": "6541481175186336234",
                    "size": "59503630",
                    "download": "43850544"
                },
                "unstable": {
                    "gid": "9027108480832654077",
                    "size": "68869950",
                    "download": "46407680"
                }
            },
            "decryptionkey": "8a4f6b777fb54e2730c7ace0e4f85ddf4fc58ea3607ad94eb9cf01acb2571446"
        },
        "367686": {
            "config": {
                "oslist": "linux"
            },
            "dlcappid": "1826140",
            "manifests": {
                "public": {
                    "gid": "8944803661678388929",
                    "size": "57737022",
                    "download": "41425344"
                },
                "version-1.4.3542": {
                    "gid": "4569727807749833280",
                    "size": "54082807",
                    "download": "42883408"
                },
                "version-1.4.3563": {
                    "gid": "2656134562378656341",
                    "size": "56232290",
                    "download": "43288832"
                },
                "version-1.4.3901": {
                    "gid": "9159436149572814867",
                    "size": "59502900",
                    "download": "43849856"
                },
                "unstable": {
                    "gid": "1195177004409043049",
                    "size": "68869955",
                    "download": "46407696"
                }
            },
            "decryptionkey": "ddec61094ce592f6db40f3867b99e458ea4ce2af56cb8f62474631b33a96c734"
        },
        "294109": {
            "dlcappid": "2380740",
            "config": {
                "oslist": "windows",
                "osarch": "32"
            },
            "manifests": {
                "public": {
                    "gid": "3599407418422910089",
                    "size": "97042456",
                    "download": "82490160"
                },
                "unstable": {
                    "gid": "8186966831447220829",
                    "size": "103710643",
                    "download": "85789120"
                }
            },
            "decryptionkey": "d670f6ba851c27bd62423853e8dd18d5e32b75393b65bf18914103a0b0db63e9"
        },
        "294110": {
            "dlcappid": "2380740",
            "config": {
                "oslist": "windows",
                "osarch": "64"
            },
            "manifests": {
                "public": {
                    "gid": "6963921662093708447",
                    "size": "97042456",
                    "download": "82490192"
                },
                "unstable": {
                    "gid": "3204963249032754570",
                    "size": "103710643",
                    "download": "85789120"
                }
            },
            "decryptionkey": "96eea289fb25789e7d7791bcf77e2af4d62eacaa1c05866991b72e75b805069c"
        },
        "294111": {
            "dlcappid": "2380740",
            "config": {
                "oslist": "macos"
            },
            "manifests": {
                "public": {
                    "gid": "8753733606050893410",
                    "size": "97042456",
                    "download": "82490160"
                },
                "unstable": {
                    "gid": "6717298446674056271",
                    "size": "103710641",
                    "download": "85788944"
                }
            },
            "decryptionkey": "62487ea6d7f63684007a6713749fd8fb14c7955e885aa14cda8c5daa5d930f78"
        },
        "294112": {
            "dlcappid": "2380740",
            "config": {
                "oslist": "linux"
            },
            "manifests": {
                "public": {
                    "gid": "6055297988647927242",
                    "size": "97042605",
                    "download": "82490176"
                },
                "unstable": {
                    "gid": "6818407377127262257",
                    "size": "103710641",
                    "download": "85788752"
                }
            },
            "decryptionkey": "69dc90bdbb7c2c47b168606c5b8bde5ab1c6ec88404fa31bfb1faaf2d5c452c3"
        },
        "294113": {
            "dlcappid": "3022790",
            "config": {
                "oslist": "windows",
                "osarch": "32"
            },
            "manifests": {
                "unstable": {
                    "gid": "2703707133128647761",
                    "size": "74932829",
                    "download": "66985504"
                }
            },
            "decryptionkey": ""
        },
        "294114": {
            "dlcappid": "3022790",
            "config": {
                "oslist": "windows",
                "osarch": "64"
            },
            "manifests": {
                "unstable": {
                    "gid": "4176496927675690609",
                    "size": "74932829",
                    "download": "66985504"
                }
            },
            "decryptionkey": ""
        },
        "294115": {
            "dlcappid": "3022790",
            "config": {
                "oslist": "macos"
            },
            "manifests": {
                "unstable": {
                    "gid": "7692013795402682306",
                    "size": "74932825",
                    "download": "66985600"
                }
            }
        },
        "294116": {
            "dlcappid": "3022790",
            "config": {
                "oslist": "linux"
            },
            "manifests": {
                "unstable": {
                    "gid": "1174992584353284009",
                    "size": "74932829",
                    "download": "66985504"
                }
            }
        },
        "branches": {
            "public": {
                "buildid": "17845517",
                "timeupdated": "1742873874"
            },
            "alpha13": {
                "buildid": "3080545",
                "description": "Old version",
                "timeupdated": "1535698570"
            },
            "alpha14": {
                "buildid": "3080589",
                "description": "Old version",
                "timeupdated": "1535699949"
            },
            "alpha15": {
                "buildid": "3080612",
                "description": "Old version",
                "timeupdated": "1535700517"
            },
            "alpha16": {
                "buildid": "3080628",
                "description": "Old version",
                "timeupdated": "1535700964"
            },
            "alpha17": {
                "buildid": "3080643",
                "description": "Old version",
                "timeupdated": "1535701362"
            },
            "alpha4": {
                "buildid": "3080566",
                "description": "Old version",
                "timeupdated": "1535699283"
            },
            "beta18": {
                "buildid": "3080657",
                "description": "Old version",
                "timeupdated": "1535701835"
            },
            "beta19": {
                "buildid": "3068678",
                "description": "Old version",
                "timeupdated": "1536645620"
            },
            "version-1.0": {
                "buildid": "4729620",
                "description": "Old version",
                "timeupdated": "1583152274"
            },
            "version-1.1": {
                "buildid": "5115624",
                "description": "Old version",
                "timeupdated": "1621889197"
            },
            "version-1.2": {
                "buildid": "7038895",
                "description": "Old version.",
                "timeupdated": "1626451803"
            },
            "version-1.3-latest": {
                "buildid": "8893752",
                "description": "Old version.",
                "timeupdated": "1665963090"
            },
            "version-1.3.3287": {
                "buildid": "8281346",
                "description": "Previous 1.3 version",
                "timeupdated": "1649265433"
            },
            "version-1.4.3542": {
                "buildid": "9894900",
                "description": "Previous 1.4 version",
                "timeupdated": "1669057319"
            },
            "version-1.4.3563": {
                "buildid": "10040613",
                "description": "Previous 1.4 version",
                "timeupdated": "1671264189"
            },
            "version-1.4.3901": {
                "buildid": "12600961",
                "description": "Previous 1.4 version",
                "timeupdated": "1712659355"
            },
            "unstable": {
                "buildid": "18949034",
                "description": "Public testing",
                "timeupdated": "1750500434"
            }
        },
        "privatebranches": "1",
        "workshopdepotdecryptionkey": "44498055cce67eea5d84c5b6bc1bd5ca9e8c988963aea857574277fc217cbad0"
    }
}