{
    "appid": 2579730,
    "name": "My Bimbo Dream",
    "type": "Game",
    "schinese_name": "My Bimbo Dream：第一季",
    "isfreeapp": 0,
    "update_time": "2025-07-22 17:43:25",
    "change_number": 30190399,
    "depot": {
        "baselanguages": "english",
        "hasdepotsindlc": "1",
        "2579732": {
            "config": {
                "osarch": "64"
            },
            "manifests": {
                "public": {
                    "gid": "8540654723596476571",
                    "size": "5343371779",
                    "download": "5114963312"
                }
            },
            "decryptionkey": "93fd1b09ac60725904f817bca4b07d5706ae95a8288750cb7a0e6c2a49a78383"
        },
        "2579733": {
            "config": {
                "osarch": "64"
            },
            "manifests": {
                "public": {
                    "gid": "1817358052196621333",
                    "size": "5293193805",
                    "download": "5089632224"
                }
            },
            "decryptionkey": ""
        },
        "branches": {
            "public": {
                "buildid": "19005551",
                "timeupdated": "1750914425"
            }
        }
    }
}