{
    "appid": 3070070,
    "name": "TCG Card Shop Simulator",
    "type": "Game",
    "schinese_name": "卡牌店模拟器",
    "isfreeapp": 0,
    "update_time": "2025-07-17 20:18:09",
    "change_number": 30117600,
    "depot": {
        "3070071": {
            "manifests": {
                "public": {
                    "gid": "4335321487884939950",
                    "size": "4040829665",
                    "download": "1236375120"
                }
            },
            "decryptionkey": "5c49dfd1ba36d4e81f59ad3a2cd714ec14bdb40ac41848727aca2dc9ed29c748"
        },
        "branches": {
            "public": {
                "buildid": "17846361",
                "timeupdated": "1742875425"
            }
        },
        "privatebranches": "1"
    }
}