{
    "appid": 2287330,
    "name": "Empire of the Ants",
    "type": "Game",
    "schinese_name": "蚂蚁帝国（Empire of the Ants）",
    "isfreeapp": 0,
    "update_time": "2025-07-17 12:18:29",
    "change_number": 30109053,
    "depot": {
        "228989": {
            "config": {
                "oslist": "windows"
            },
            "depotfromapp": "228980",
            "sharedinstall": "1"
        },
        "228990": {
            "config": {
                "oslist": "windows"
            },
            "depotfromapp": "228980",
            "sharedinstall": "1"
        },
        "2287331": {
            "manifests": {
                "public": {
                    "gid": "6397137006056459793",
                    "size": "38414418227",
                    "download": "37756337856"
                }
            },
            "decryptionkey": "3c0468cad17b6444999a764db47c1c60ac7729f89cfd4f3d51ebf028093ea4f2"
        },
        "3126630": {
            "dlcappid": "3126630",
            "manifests": {
                "public": {
                    "gid": "4203714800996037110",
                    "size": "1292561723",
                    "download": "1204180400"
                }
            },
            "decryptionkey": "b5f73d6ef197c146069da44a9b909f0501439fd2f1a9f62d18b47108fa32cd51"
        },
        "branches": {
            "public": {
                "buildid": "19145019",
                "timeupdated": "1752681616"
            }
        },
        "privatebranches": "1"
    },
    "access_token": 961735599430152459
}