{
    "appid": 2835570,
    "name": "Buckshot Roulette",
    "type": "Game",
    "schinese_name": "恶魔轮盘",
    "isfreeapp": 0,
    "update_time": "2025-07-13 11:31:34",
    "change_number": 30034655,
    "depot": {
        "baselanguages": "english",
        "2835572": {
            "config": {
                "oslist": "windows",
                "osarch": "64"
            },
            "manifests": {
                "public": {
                    "gid": "7472777116297885824",
                    "size": "1330370018",
                    "download": "900308448"
                }
            },
            "decryptionkey": "d62599196078743d30d665ddd351d433f153e6e3ed12cdc8a4021ee8b1fc8b30"
        },
        "2835573": {
            "config": {
                "oslist": "linux",
                "osarch": "64"
            },
            "manifests": {
                "public": {
                    "gid": "9007644155059772192",
                    "size": "1345407882",
                    "download": "906276960"
                }
            },
            "decryptionkey": "9c48f34a0e831c56623c49c66403647f8c08682d26ee6bee1d56c470bb97f6cb"
        },
        "branches": {
            "public": {
                "buildid": "16736575",
                "timeupdated": "1734111385"
            }
        },
        "privatebranches": "1"
    }
}