{
    "appid": 1771300,
    "name": "Kingdom Come: Deliverance II",
    "type": "Game",
    "schinese_name": "天国：拯救2",
    "isfreeapp": 0,
    "update_time": "2025-07-23 16:00:50",
    "change_number": 30208852,
    "depot": {
        "workshopdepot": "1771300",
        "baselanguages": "",
        "228989": {
            "config": {
                "oslist": "windows"
            },
            "depotfromapp": "228980",
            "sharedinstall": "1"
        },
        "1771302": {
            "config": {
                "oslist": "windows"
            },
            "manifests": {
                "public": {
                    "gid": "3544488985586875723",
                    "size": "92546741",
                    "download": "25272832"
                }
            },
            "decryptionkey": "41bc41c39ce79db318e98b533bab1fe71bfd294c4e8c90f90e4f8efa5fcc2a91"
        },
        "1771303": {
            "config": {
                "oslist": "windows"
            },
            "manifests": {
                "public": {
                    "gid": "7417037405751139280",
                    "size": "82231611266",
                    "download": "79134672048"
                }
            },
            "decryptionkey": "397ab2e5c59bbb75f716c30dba3374be8af7ff49a2fc45c621e0bc23bafbd5f3"
        },
        "1771304": {
            "config": {
                "oslist": "windows"
            },
            "dlcappid": "3406020",
            "manifests": {
                "public": {
                    "gid": "102443736884112961",
                    "size": "681482180",
                    "download": "433101536"
                }
            },
            "decryptionkey": ""
        },
        "1771305": {
            "config": {
                "oslist": "windows",
                "language": "czech"
            },
            "manifests": {
                "public": {
                    "gid": "4646920070999016242",
                    "size": "8822852147",
                    "download": "7818695328"
                }
            },
            "decryptionkey": "66d5a42e0171363eac9b79352c78401952d616880979d26967c385d2d7a88368"
        },
        "1771306": {
            "config": {
                "oslist": "windows",
                "language": "english"
            },
            "manifests": {
                "public": {
                    "gid": "725648561472919950",
                    "size": "7104547611",
                    "download": "6054397760"
                }
            },
            "decryptionkey": "120aed0e767afa1ac85539240704d613b82c13473fcd7136d3cea555a784783e"
        },
        "1771307": {
            "config": {
                "oslist": "windows",
                "language": "french"
            },
            "manifests": {
                "public": {
                    "gid": "1176397216058495539",
                    "size": "5886693207",
                    "download": "4865001216"
                }
            },
            "decryptionkey": "8d47328b0b82d9b9ba25bfb199c69ea2dd005954298bd2aff2b448321569b727"
        },
        "1771308": {
            "config": {
                "oslist": "windows",
                "language": "german"
            },
            "manifests": {
                "public": {
                    "gid": "8664781500674004426",
                    "size": "6356736492",
                    "download": "5306390480"
                }
            },
            "decryptionkey": "b457fdf0e78f3465b9ccbfed5f8ecbb85f22428ba321534ee0df4a0d08754d02"
        },
        "1771309": {
            "config": {
                "oslist": "windows",
                "language": "japanese"
            },
            "manifests": {
                "public": {
                    "gid": "7822220232979156168",
                    "size": "6397193073",
                    "download": "5348854176"
                }
            },
            "decryptionkey": "1f8b55f9f4ac27eac8ffa310ca46163ee5aaad0937438035274a30b78de4e81a"
        },
        "3118101": {
            "config": {
                "oslist": "windows",
                "language": "spanish"
            },
            "manifests": {
                "public": {
                    "gid": "284584102760554243",
                    "size": "6274061157",
                    "download": "5237365280"
                }
            },
            "decryptionkey": "69d3aecd16754fea50cf46182e56be5d29647e571e45c1dd1ef3294b966d0ee4"
        },
        "1771301": {
            "dlcappid": "3677330",
            "config": {
                "oslist": "windows"
            },
            "manifests": {
                "public": {
                    "gid": "8287996125527838571",
                    "size": "16384774944",
                    "download": "2632330672"
                }
            },
            "decryptionkey": ""
        },
        "branches": {
            "public": {
                "buildid": "18659060",
                "timeupdated": "1749135701"
            }
        },
        "privatebranches": "1",
        "workshopdepotdecryptionkey": "3caed047b77bd7be8e68f818a3a6729b75371e0f67c871728c7a19de18aa6f53"
    }
}