{
    "appid": 1153410,
    "name": "JDM: Japanese Drift Master",
    "type": "Game",
    "schinese_name": "JDM: 漂移大师",
    "isfreeapp": 0,
    "update_time": "2025-07-23 23:16:45",
    "change_number": 30215659,
    "depot": {
        "hasdepotsindlc": "1",
        "baselanguages": "english",
        "228989": {
            "config": {
                "oslist": "windows"
            },
            "depotfromapp": "228980",
            "sharedinstall": "1"
        },
        "228990": {
            "config": {
                "oslist": "windows"
            },
            "depotfromapp": "228980",
            "sharedinstall": "1"
        },
        "1153411": {
            "config": {
                "oslist": "windows",
                "osarch": "64"
            },
            "manifests": {
                "public": {
                    "gid": "699944914027453443",
                    "size": "14701844596",
                    "download": "13624344208"
                }
            },
            "decryptionkey": "aae6e034473725f27603fc003f2520e4df8111c1433317b84a92e8bb8fb64913"
        },
        "3749550": {
            "dlcappid": "3749550"
        },
        "branches": {
            "public": {
                "buildid": "19173382",
                "timeupdated": "1752158205"
            }
        },
        "privatebranches": "1"
    }
}