{
    "appid": 1259420,
    "name": "Days Gone",
    "type": "Game",
    "schinese_name": "往日不再",
    "isfreeapp": 0,
    "update_time": "2025-07-21 20:21:09",
    "change_number": 30173085,
    "depot": {
        "baselanguages": "english,german,french,italian,koreana,spanish,schinese,tchinese,russian,japanese,portuguese,polish,danish,dutch,finnish,norwegian,swedish,hungarian,czech,turkish,arabic,brazilian,greek,latam",
        "228988": {
            "config": {
                "oslist": "windows"
            },
            "depotfromapp": "228980",
            "sharedinstall": "1"
        },
        "228990": {
            "config": {
                "oslist": "windows"
            },
            "depotfromapp": "228980",
            "sharedinstall": "1"
        },
        "1259422": {
            "config": {
                "oslist": "windows",
                "osarch": "64"
            },
            "manifests": {
                "public": {
                    "gid": "9075941046550830080",
                    "size": "50757692075",
                    "download": "45244380128"
                }
            },
            "decryptionkey": ""
        },
        "1259421": {
            "config": {
                "oslist": "windows",
                "osarch": "64"
            },
            "manifests": {
                "public": {
                    "gid": "9008749683399927967",
                    "size": "67365139159",
                    "download": "60209250528"
                }
            },
            "decryptionkey": "3a92a76d80b16038abe5b2831f554a22120535ab039dbde663a70c8b52afe11b"
        },
        "branches": {
            "public": {
                "buildid": "19221447",
                "timeupdated": "1753125663"
            }
        },
        "privatebranches": "1"
    }
}