{
    "appid": "272510",
    "type": "Game",
    "name": "NARUTO SHIPPUDEN: Ultimate Ninja STORM Revolution",
    "schinese_name": "火影忍者疾风传：究极忍者风暴-革命",
    "isfreeapp": "0",
    "change_number": "28971154",
    "update_time": "2025-05-14 09:07:47",
    "depot": {
        "228983": {
            "config": {
                "oslist": "windows"
            },
            "depotfromapp": "228980",
            "sharedinstall": "1"
        },
        "228990": {
            "config": {
                "oslist": "windows"
            },
            "depotfromapp": "228980",
            "sharedinstall": "1"
        },
        "229002": {
            "config": {
                "oslist": "windows"
            },
            "depotfromapp": "228980",
            "sharedinstall": "1"
        },
        "229004": {
            "config": {
                "oslist": "windows"
            },
            "depotfromapp": "228980",
            "sharedinstall": "1"
        },
        "overridescddb": "1",
        "markdlcdepots": "1",
        "272511": {
            "systemdefined": "1",
            "manifests": {
                "public": {
                    "gid": "1864331916573681369",
                    "size": "8067557893",
                    "download": "11548256911472"
                }
            },
            "decryptionkey": "932caa02917545e704d495fd2f676f374ffe636bc90d9107abed070afe4a91f7"
        },
        "baselanguages": "english,german,french,italian,spanish,russian,polish,brazilian",
        "branches": {
            "public": {
                "buildid": "442219"
            }
        }
    }
}