{
    "appid": 454650,
    "name": "DRAGON BALL XENOVERSE 2",
    "type": "Game",
    "schinese_name": "龙珠超宇宙2",
    "isfreeapp": 0,
    "update_time": "2025-07-14 03:40:42",
    "change_number": 30041214,
    "depot": {
        "baselanguages": "english,german,french,italian,koreana,spanish,schinese,tchinese,russian,japanese,polish,brazilian,latam",
        "228986": {
            "config": {
                "oslist": "windows"
            },
            "depotfromapp": "228980",
            "sharedinstall": "1"
        },
        "228990": {
            "config": {
                "oslist": "windows"
            },
            "depotfromapp": "228980",
            "sharedinstall": "1"
        },
        "454651": {
            "manifests": {
                "public": {
                    "gid": "805057964426462694",
                    "size": "35988199391",
                    "download": "30671157792"
                }
            },
            "decryptionkey": "f42c03be492cf6df28782bcf7630521712bb5425d268fcfc599731056ec1a21c"
        },
        "454654": {
            "manifests": {
                "public": {
                    "gid": "926698246847551854",
                    "size": "85224997518",
                    "download": "35482348832"
                }
            },
            "decryptionkey": ""
        },
        "540070": {
            "manifests": {
                "public": {
                    "gid": "5501846961741041819",
                    "size": "11792330",
                    "download": "11738528"
                }
            },
            "dlcappid": "540070",
            "decryptionkey": "3fe54a572bc1b0c0f9f13f3aa0d468cb56bb0faee8eb10df6a992c161943cc21"
        },
        "branches": {
            "public": {
                "buildid": "18888868",
                "timeupdated": "1752134404"
            }
        },
        "privatebranches": "1"
    }
}