{
    "appid": "672630",
    "type": "Game",
    "name": "Academia : School Simulator",
    "schinese_name": "学校模拟器",
    "isfreeapp": "0",
    "change_number": "28976607",
    "update_time": "2025-05-14 22:41:35",
    "depot": {
        "workshopdepot": "672630",
        "672631": {
            "config": {
                "oslist": "windows",
                "osarch": "32"
            },
            "manifests": {
                "public": {
                    "gid": "7742248844717721770",
                    "size": "133572787",
                    "download": "76868752"
                }
            },
            "decryptionkey": "6e01aa98e2114851cfff31bdc0b110b3f4b73105ed18bd1e0f0211f0367498d8"
        },
        "672633": {
            "config": {
                "oslist": "windows",
                "osarch": "64"
            },
            "manifests": {
                "public": {
                    "gid": "8251788174804941631",
                    "size": "280152811",
                    "download": "142493872"
                }
            },
            "decryptionkey": "6b7aeb860ec95e3d510dfb74ed7650b4e246d5a700fc04b7cab63fb32ad7f2be"
        },
        "672632": {
            "config": {
                "language": "english",
                "oslist": "macos",
                "osarch": "64"
            },
            "manifests": {
                "public": {
                    "gid": "5200723734492194817",
                    "size": "273734443",
                    "download": "140794944"
                }
            },
            "decryptionkey": "32d3b242a37e09b90f6d383061d6be529919d4e45d904cdb35f8df673d586795"
        },
        "672634": {
            "config": {
                "oslist": "linux",
                "osarch": "64"
            },
            "manifests": {}
        },
        "branches": {
            "public": {
                "buildid": "8506022",
                "timeupdated": "1649836280"
            }
        },
        "privatebranches": "1",
        "workshopdepotdecryptionkey": "2f45fbdf77a43ea992c4a8eeeaadd4726194feb5226fbc6b52cb687d3b174147"
    }
}