{
    "appid": 1245620,
    "name": "ELDEN RING",
    "type": "Game",
    "schinese_name": "艾尔登法环",
    "isfreeapp": 0,
    "update_time": "2025-07-13 03:31:17",
    "change_number": 30032433,
    "depot": {
        "baselanguages": "english,german,french,italian,koreana,spanish,schinese,tchinese,russian,thai,japanese,polish,arabic,brazilian,latam",
        "228988": {
            "config": {
                "oslist": "windows"
            },
            "depotfromapp": "228980",
            "sharedinstall": "1"
        },
        "228990": {
            "config": {
                "oslist": "windows"
            },
            "depotfromapp": "228980",
            "sharedinstall": "1"
        },
        "1245621": {
            "manifests": {
                "public": {
                    "gid": "6005357081270866877",
                    "size": "54867308583",
                    "download": "53231367408"
                }
            },
            "decryptionkey": "5f560fca048a138487e1e634a1e60693a7ad3ae7318c31731d147f16e093f10b"
        },
        "1245622": {
            "manifests": {
                "public": {
                    "gid": "2621053046426514581",
                    "size": "977309014",
                    "download": "637089264"
                }
            },
            "decryptionkey": ""
        },
        "1245623": {
            "manifests": {
                "public": {
                    "gid": "1668253902893969272",
                    "size": "87234167",
                    "download": "30677504"
                }
            },
            "decryptionkey": "b27090a72caa5f3cf2e1f41a81c4bc1c422a6ac277e1cd3a6f1ea68200288d4b"
        },
        "1245624": {
            "manifests": {
                "public": {
                    "gid": "6740933728493231026",
                    "size": "87122553",
                    "download": "30559344"
                }
            },
            "decryptionkey": "e194ce5e5f83c427743781c1708c4bce6683d5d65521059f6e4ca64a8f36f3cd"
        },
        "1245625": {
            "dlcappid": "1799420"
        },
        "1896300": {
            "dlcappid": "1896300",
            "manifests": {
                "public": {
                    "gid": "1676464084021469100",
                    "size": "1058511414",
                    "download": "985178064"
                }
            },
            "decryptionkey": "946e5c4e2c91a3ed363efc688218994f7fa6e8fdd56aa8b5752456d3b28e0543"
        },
        "1896320": {
            "dlcappid": "1896320",
            "manifests": {
                "public": {
                    "gid": "689917599357770984",
                    "size": "869928022",
                    "download": "642177504"
                }
            },
            "decryptionkey": "de7086b709fdfc7d151bfce5d07509fd80a6c318a21e8fb1e820db5b1cda5860"
        },
        "2778580": {
            "dlcappid": "2778580",
            "manifests": {
                "public": {
                    "gid": "8226581821665546770",
                    "size": "16125337789",
                    "download": "16035587920"
                }
            },
            "decryptionkey": "9f1556645ea8ef43529f920cf02a2682a6da5756b29e630ba376a0cde24e3908"
        },
        "2855520": {
            "dlcappid": "2855520",
            "manifests": {
                "public": {
                    "gid": "164164058551746673",
                    "size": "1089111159",
                    "download": "819884176"
                }
            },
            "decryptionkey": "476eca9191866d6743aa7ad82d4d7ce1fcd5e0f0613f2f4b6559635d68f8c0e3"
        },
        "3655690": {
            "dlcappid": "3655690"
        },
        "branches": {
            "public": {
                "buildid": "15950357",
                "timeupdated": "1729148477"
            }
        },
        "privatebranches": "1"
    }
}