{
    "appid": "250180",
    "type": "Game",
    "name": "METAL SLUG 3",
    "schinese_name": "合金弹头3",
    "isfreeapp": "0",
    "change_number": "28970832",
    "update_time": "2025-05-14 08:37:53",
    "depot": {
        "overridescddb": "1",
        "228983": {
            "config": {
                "oslist": "windows"
            },
            "depotfromapp": "228980",
            "sharedinstall": "1"
        },
        "228984": {
            "config": {
                "oslist": "windows"
            },
            "depotfromapp": "228980",
            "sharedinstall": "1"
        },
        "228990": {
            "config": {
                "oslist": "windows"
            },
            "depotfromapp": "228980",
            "sharedinstall": "1"
        },
        "250181": {
            "systemdefined": "1",
            "manifests": {
                "public": {
                    "gid": "2708512601076444967",
                    "size": "141932473",
                    "download": "188292183886"
                }
            },
            "decryptionkey": "7ea8e59889e2e0c8ce7c60b7ca060149d227c369d156d0f431132affe04acc9e"
        },
        "250182": {
            "config": {
                "oslist": "windows"
            }
        },
        "250183": {
            "config": {
                "oslist": "macos"
            }
        },
        "250184": {
            "config": {
                "oslist": "linux"
            }
        },
        "branches": {
            "public": {
                "buildid": "450266"
            }
        },
        "privatebranches": "1"
    }
}