{
    "appid": 1769270,
    "name": "Spikair Volleyball",
    "type": "Game",
    "schinese_name": "斯派克排球",
    "isfreeapp": 0,
    "update_time": "2025-06-28 16:02:06",
    "change_number": 29802833,
    "depot": {
        "1769271": {
            "manifests": {
                "public": {
                    "gid": "2046355019259470855",
                    "size": "274866166",
                    "download": "107502656"
                },
                "beta-test": {
                    "gid": "2046355019259470855",
                    "size": "274866166",
                    "download": "107502656"
                }
            },
            "decryptionkey": "2fe49060d0c7a8c8fa88d3469fcd2795aecb406aa32f47df30f0da1252c1f21c"
        },
        "branches": {
            "public": {
                "buildid": "18956575",
                "timeupdated": "1751122921"
            },
            "beta-test": {
                "buildid": "18956575",
                "description": "To test new stuff",
                "timeupdated": "1750610963"
            }
        }
    }
}